id	text	en	loc
10000	English	English
10001	Default	Default
11000	과제 다 끝난 것 같아.	I think I'm done with the assignment.	DefineActors.dinky
11001	지금까지 한 거 한번 보실래요?	Want to take a look at my work so far?	DefineActors.dinky
11002	보안관이 마지막으로 위험한 일을 한 건 거울 봤을 때였어.	The last time the Sheriff did anything dangerous was looking in the mirror.	DefineActors.dinky
11003	보안관 혼자 나온 사진으론 나탈리한테 안 통해.	A photo of the Sheriff by himself won't work for Natalie.	DefineActors.dinky
11004	검시관 혼자 나온 사진으론 나탈리한테 안 통해.	A photo of the Coroner by himself won't work for Natalie.	DefineActors.dinky
11005	나탈리는 훨씬 더 유명한 사람을 원할 것 같아, 잘난 척하는 음식 평론가들이나 그 사람을 유명인이라고 생각하지.	I think Natalie will want someone much more famous, only pretentious food critics think he's a celebrity.	DefineActors.dinky
11006	죄송해요, 지금 너무 바빠서요. 분류 작업이 밀렸어요.	Sorry, too busy now. I'm behind on my sorting.	DefineActors.dinky
11007	멈출 시간도 없어요, 이 필로우베어™ 주문들 때문에요!	Too busy to stop, it's all these PillowBear™ orders!	DefineActors.dinky
11008	우체부 일은 끝이 없죠, 멈출 수가 없어요.	A postman's work is never done, can't stop.	DefineActors.dinky
11009	이 필로우베어™ 주문들 계속 분류해야 해요, 멈출 수가 없어요.	Have to keep sorting these PillowBear™ orders, can't stop.	DefineActors.dinky
11010	지금은 도와드릴 수가 없어요.	Can't help you now.	DefineActors.dinky
11011	너무 바빠서 편지를 받을 수가 없어요. 그냥 우편 투입구를 이용하세요.	I'm too busy to take your letter. Just use the mail drop.	DefineActors.dinky
11012	너무 바빠서 편지를 받을 수가 없어요. 우표 붙이는 거 잊지 마세요!	I'm too busy to take your letter. Don't forget to add stamps!	DefineActors.dinky
11013	지금 너무 바빠요, 그리고 우표는 환불 안 돼요.	Too busy now, and no returns on stamps.	DefineActors.dinky
11014	제 여동생은 자기가 유명인이라고 생각할지 몰라도, 다른 사람들은 안 그래요.	My sister might think she's a celebrity, but no one else does.	DefineActors.dinky
11015	동전 형태로는 예금을 받지 않습니다.	We don't take deposits in the form of coins.	DefineActors.dinky
11016	당신의 동정 어린 5센트는 필요 없고 원하지도 않아요.	I don't want or need your pity nickel.	DefineActors.dinky
11017	나한테 얘기하라고 했잖아, 그 뭐시기 말고.	I told you to talk to me, not what's-his-face.	DefineActors.dinky
11018	걔한테 얘기하고 싶으면, 나한테 해!	You want to talk to him, you talk to me!	DefineActors.dinky
11019	5센트로는 좋은 장난감 못 사요. 장난감 갖고 싶어요!	A nickel won't buy a good toy. I want a toy!	DefineActors.dinky
11020	그거 싫어요!	I don't want that!	DefineActors.dinky
11021	장난감 갖고 싶어요!	I want a toy!	DefineActors.dinky
11022	애들은 그런 거 안 좋아해요!	Kids don't want that!	DefineActors.dinky
11023	고마워요!	Thanks!	DefineActors.dinky
11024	저처럼 이 썩게 하지 마세요.	Don't let them rot your teeth like they did mine.	DefineActors.dinky
11025	잠깐만요, 딜로리스 이모.	Not so fast Aunt Delores.	DefineActors.dinky
11026	제 사진 찍고 싶으면 선물 주셔야 해요.	Gotta give me a present if you want to take my picture.	DefineActors.dinky
11027	웃어요!	Smile!	DefineActors.dinky
11028	딜로리스	Delores	DefineActors.dinky
11029	윌리	Willie	DefineActors.dinky
11030	나탈리	Natalie	DefineActors.dinky
11031	랜섬	Ransome	DefineActors.dinky
11032	레너드	Leonard	DefineActors.dinky
11033	보안관	Sheriff	DefineActors.dinky
11034	검시관	Coroner	DefineActors.dinky
11035	데이브	Dave	DefineActors.dinky
11036	데이브	Dave	DefineActors.dinky
11037	샌디	Sandy	DefineActors.dinky
11038	마담 모레나	Madame Morena	DefineActors.dinky
11039	조지	George	DefineActors.dinky
11040	레노어	Lenore	DefineActors.dinky
11041	피터	Peter	DefineActors.dinky
11042	처키	Chuckie	DefineActors.dinky
11043	척 에드먼드, 정신병원에 수용되다...	Chuck Edmund committed to sanitarium...	Nickel.dinky
11044	척은 자신이 컴퓨터의 일부라고 믿는 정신 착란을 일으킨 후 수용되었다.	Chuck committed after a psychotic breakdown due to believing he was part of a computer.	Nickel.dinky
11045	윌리의 바이올린 수리점, 최고 수익 기록...	Willie's violin repair posts record profits...	Nickel.dinky
11046	윌리의 바이올린 수리 사업이 새로운 BBS 주문 및 광고 덕분에 호황을 누리고 있다.	Willie's violin repair business is booming due to new BBS ordering and advertising.	Nickel.dinky
11047	KSCUM, 음악 스타일 변경 예정...	KSCUM to change music styles...	Nickel.dinky
11048	오랜 역사의 KSCUM 라디오가 잡다한 록에서 난해한 록으로 포맷을 바꿀 예정이다.	Long standing KSCUM radio set to change formats from eclectic rock to esoteric rock.	Nickel.dinky
11049	S&D 다이너, 또 하나의 상 수상...	S&D Diner nets another award...	Nickel.dinky
11050	S&D 다이너가 훌륭한 음식으로 또 하나의 상을 받았다. 평론가들은 이곳이 카운티 최고의 맛집이라는 데 모두 동의한다.	S&D Diner received another award for their amazing food. Critics all agree, it's the best place to eat in the county.	Nickel.dinky
11051	S&D 다이너, 기념 유리컵 무료 증정...	Free commemorative glass at S&D diner...	Nickel.dinky
11052	최근 수상을 기념하여, S&D 다이너는 구매 시마다 기념 유리컵을 무료로 증정한다.	In celebration of their latest award, the S&D Diner is giving a free commemorative glass with every purchase.	Nickel.dinky
11053	아트 바이 엘트론, 필로우베어™ 매장으로 재개장...	Art by Eltron to re-open as PillowBear™ store...	Nickel.dinky
11054	주민들이 '아트 바이 엘트론'이라 부르던 그 매장이 5월 초 필로우베어™ 아울렛으로 재개장한다.	The store referred to by locals as Art by Eltron will re-open as a PillowBear™ factory outlet in early May.	Nickel.dinky
11055	퀴키팔 화장실, 유독물질 오염지역으로...	Quickie Pal bathroom a toxic site...	Nickel.dinky
11056	연방 기관들이 퀴키팔 화장실을 5등급 유독물질 오염지역으로 지정했다. 정화 작업이 곧 시작될 예정이다.	Federal agencies have designated the Quickie Pal bathroom a Class 5 toxic site. Clean-up should begin soon.	Nickel.dinky
11057	레노어 에드먼드, 퇴거당하다...	Lenore Edmund evicted...	Nickel.dinky
11058	은행이 척 에드먼드의 저택을 압류한 후, 레노어 에드먼드는 '내가 누군지 알아!'라고 소리치며 쫓겨났다.	After the bank repossessed Chuck Edmund's mansion, Lenore Edmund was evicted while screaming “Do you know who I am!”	Nickel.dinky
11059	괴짜 오컬트 마담 모레나, 마을에 전하는 말...	Occult oddball Madame Morena tells town...	Nickel.dinky
11060	저는 절대 누구에게도 저주를 걸지 않아요, 그건 제 흑마법으로도 선을 넘는 일이니까요. 초대형 폭탄 세일에 오세요!	I would never curse anyone, that would go beyond even my black magic. Come for the big blow-out sale!	Nickel.dinky
11061	지역 주민, MMucasFlem 게임즈에서 명망 있는 일자리 얻어...	Local nets prestigious job at MmucasFlem Games...	Nickel.dinky
11062	딜로리스 에드먼드는 최근의 가족 소동을 떨쳐낸 듯, 게임 업계 정상을 향해 가고 있다!	Delores Edmund seems to have shaken recent family turmoil and is on her way to the top of the game industry!	Nickel.dinky
11063	마임 배우, 랜섬에게 조용히 박수를 보내다...	Mime applauds silently for Ransome...	Nickel.dinky
11064	지역 마임 배우가 지금까지 본 것 중 최고의 쇼였다는 걸 무언극으로 표현하며, 4회 연속으로 랜섬 쇼 줄에 섰다.	While miming that it was the best show he'd ever seen, local Mime stands in line for 4th Ransome show in a row.	Nickel.dinky
11065	지역 정원사, 백악관 자리 따내다...	Local groundskeeper wins White House post...	Nickel.dinky
11066	지역 정원사 더그 브레이버맨이 백악관에 고용되어 장미 정원에 구덩이를 판다.	Local groundskeeper Doug Braverman is hired by the White House to dig holes in the rose garden.	Nickel.dinky
11067	오늘은 헤드라인 없음...	No headline today...	Nickel.dinky
11068	니켈 뉴스가 잉크가 떨어져 오늘 자 신문을 발행할 수 없	The Nickel News ran out of ink and cannot publish today's pap	Nickel.dinky
11069	공장 경비원 레예스, 또 승진...	Factory security guard Reyes promoted again...	Nickel.dinky
11070	다섯 번의 승진 끝에, 자랑스러운 아빠이자 경비원인 레예스가 새 필로우베어™ 공장의 경비 책임자가 되었다.	After five promotions, security guard and proud father Reyes has been made head of security at the new PillowBear™ factory.	Nickel.dinky
11071	프랭클린의 유령, 에드먼드 호텔에 출몰...	Ghost of Franklin haunts Edmund Hotel...	Nickel.dinky
11072	척 에드먼드의 형 프랭클린의 유령이 지역 에드먼드 호텔에 출몰한다고 전해진다. 피전 형제가 사건을 조사 중이다.	The ghost of Franklin, Chuck Edmund's brother, is said to haunt the local Edmund Hotel. Pigeon Brothers are on the case.	Nickel.dinky
11073	랜섬, 자선상 수상 예정...	Ransome to receive philanthropy award...	Nickel.dinky
11074	전 세계 아동들에게 도움이 된 다양한 프로젝트를 근거로, 이 상은 랜섬에게 수여될 예정이다.	Citing his various projects benefiting children around the world, the award will be bestowed on Ransome.	Nickel.dinky
11075	뭘 가져왔는지 한번 보자...	Let's see what you've got...	Nickel.dinky
11076	네 사진들 한번 보자...	Let's take a look at your photos...	Nickel.dinky
11077	네 사진들 잠깐 한번 볼까...	Why don't we take a quick look at your photos...	Nickel.dinky
11078	웃기네! 완전 메타적이야! 이거 마음에 들어.	Funny! Very meta! I like this one.	Nickel.dinky
11079	나 사진발 진짜 잘 받네. 내 사진 잘 나왔어.	I'm very photogenic. Nice one of me.	Nickel.dinky
11080	좋은데!	Good one!	Nickel.dinky
11081	이거 좋네!	This is nice!	Nickel.dinky
11082	기사에 완벽해!	Perfect for the story!	Nickel.dinky
11083	굉장한데!	Amazing!	Nickel.dinky
11084	흐릿하네...	Blurry...	Nickel.dinky
11085	조명이 별로네...	Poor lighting...	Nickel.dinky
11086	구도가 별로네...	Not framed well...	Nickel.dinky
11087	재미없네...	Uninteresting...	Nickel.dinky
11088	평범하네...	Mundane...	Nickel.dinky
11089	아마추어 같네...	Amateurish...	Nickel.dinky
11090	얘야, 나가서 사진 좀 찍어와.	Get out there kid and take some photos.	Nickel.dinky
11091	너무 속상해하지 마. 사진기자 일 익히는 데 시간이 좀 걸려.	Don't feel too bad. It takes a while to master photojournalism.	Nickel.dinky
11092	그거 좋은 사진인데!	That's a good shot!	Nickel.dinky
11093	그중에 좋은 사진들이 좀 있네!	There are some good shots in there!	Nickel.dinky
11094	안 좋은 것들은 내가 치울게.	Let me get rid of the bad ones.	Nickel.dinky
11095	오늘 할 일 다 끝날 때까지 좋은 것들은 네가 갖고 있어.	You keep the good ones until you've finished today's work.	Nickel.dinky
11096	얼른 나가서 사진 더 찍어와, 마감이 있으니까.	Better get out there and take some more photos, we've got a deadline.	Nickel.dinky
11097	아빠가? 죽었다고? 유령?	Dad? Dead? A ghost?	Nickel.dinky
11098	그럴 리가 없어, 오늘 아침에 같이 아침 먹었는데.	That can't be, I had breakfast with him this morning.	Nickel.dinky
11099	나가기 전에 카메라부터 찾아야겠어. 나탈리가 서류함 안에 있다고 했으니까.	I should find the camera before setting out. Natalie said it is in the file cabinet.	Nickel.dinky
11100	저 표지판 니켈 뉴스만큼이나 오래됐겠는데!	That sign must be as old as the Nickel News!	Nickel.dinky
11101	지나간 시대의 오래된 유물이네.	It's an old relic of a bygone era.	Nickel.dinky
11102	종이 신문은 죽었어.	Print is dead.	Nickel.dinky
11103	언젠간 다 컴퓨터로 옮겨가겠지.	Someday it will all be on computers.	Nickel.dinky
11104	그럼 나탈리는 폐업하겠네.	And Natalie will be out of business.	Nickel.dinky
11105	근데 괜찮아, 소셜미디어가 믿을 만한 뉴스원으로 자리 잡을 테니까.	But that's OK because social media will take over as the trusted source of news.	Nickel.dinky
11106	이건 새가 보는 마을 모습이랑은 다르네.	This is not how the town would look to a bird.	Nickel.dinky
11107	팀블위드 카운티 지도네.	It's a map of Thimbleweed County.	Nickel.dinky
11108	우리 집이 보이는 것 같아.	I think I can see my house.	Nickel.dinky
11109	저건 니켈 뉴스의 옛날 사진들이네.	Those are old photos from the Nickel News.	Nickel.dinky
11110	저것들엔 많은 역사가 담겨 있어.	There is a lot of history in those.	Nickel.dinky
11111	비어 있어.	It's empty.	Nickel.dinky
11112	카메라가 저기 있네.	There's the camera.	Nickel.dinky
11113	여기서 카메라를 찾았어. 이제 서류함은 비어 있어.	This is where I found the camera. The cabinet is empty now.	Nickel.dinky
11114	나탈리가 카메라 있다고 한 곳이 여기야.	This is where Natalie said the camera should be.	Nickel.dinky
11115	저 안엔 옛날 기사들이 보물창고처럼 들어있겠는데.	Must be a treasure trove of old stories in there.	Nickel.dinky
11116	나탈리 말대로 서랍 안을 봐서 카메라가 여기 있는지 확인해야겠어.	I should look in the drawer and see if the camera is here, like Natalie said.	Nickel.dinky
11117	문	door	Nickel.dinky
11118	그 니켈 뉴스 문	the Nickel News door	Nickel.dinky
11119	나가기	Leave	Nickel.dinky
11120	니켈 뉴스 나가기	Leave the Nickel	Nickel.dinky
11121	표지판	sign	Nickel.dinky
11122	인쇄기	printing press	Nickel.dinky
11123	지도	map	Nickel.dinky
11124	옛날 뉴스 사진들	old news photos	Nickel.dinky
11125	그 옛날 뉴스 사진들	the old news photos	Nickel.dinky
11126	서류함	file cabinet	Nickel.dinky
11127	거리가 막혀 있는 것 같아.	The street looks blocked off.	MainStreet.dinky
11128	진짜 냄새나긴 하는데, 나탈리한테 줄 만큼 역겨워 보이진 않는 것 같아.	It's really smelly, but I don't think this looks disgusting enough for Natalie.	MainStreet.dinky
11129	진짜 냄새나긴 하는데, 나탈리한테 줄 만큼 역겨워 보이진 않는 것 같아.	It's really smelly, but I don't think this looks disgusting enough for Natalie.	MainStreet.dinky
11130	사진이 소화전에서 물 떨어지는 것보다는 나아야 해.	Photo needs to be better than water dripping from a fire hydrant.	MainStreet.dinky
11131	완전 새는 소화전이네.	It's a very leaky fire hydrant.	MainStreet.dinky
11132	더 이상 안 새!	No more leaks!	MainStreet.dinky
11133	피전 자매님들네서 여름 알바 구할 수도 있겠는데!	I could get a summer job with the Pigeon Sisters!	MainStreet.dinky
11134	진짜 냄새나긴 하는데, 나탈리한테 줄 만큼 역겨워 보이진 않는 것 같아.	It's really smelly, but I don't think this looks disgusting enough for Natalie.	MainStreet.dinky
11135	사진이 소화전에서 물 떨어지는 것보다는 나아야 해.	Photo needs to be better than water dripping from a fire hydrant.	MainStreet.dinky
11136	진짜 냄새나긴 하는데, 나탈리한테 줄 만큼 역겨워 보이진 않는 것 같아.	It's really smelly, but I don't think this looks disgusting enough for Natalie.	MainStreet.dinky
11137	으악! 진짜 냄새나.	Yikes! That really stinks.	MainStreet.dinky
11138	세상에! 냄새나!	Gads! That smells!	MainStreet.dinky
11139	이거 완전 지독한 냄새네!	That sure is some stink!	MainStreet.dinky
11140	왜 계속 그 냄새가 나는 거지!	Why do I keep smelling that!	MainStreet.dinky
11141	이 정도면 될 거야.	That should do it.	MainStreet.dinky
11142	우와! 뭔가 진짜 냄새 심하게 나.	Wow! Something smells really bad.	MainStreet.dinky
11143	저 아래 꽤 어두워 보이네.	Looks pretty dark down there.	MainStreet.dinky
11144	다이너는 영업 중이네.	The Diner is open for business.	MainStreet.dinky
11145	음식도 훌륭하고, 위생 점검도 완벽하대!	They have amazing food, and a perfect health record!	MainStreet.dinky
11146	인상적인 문이네.	That is an impressive door.	MainStreet.dinky
11147	표지판에 '구인: 은행 창구직원. 구할 때까지 휴무'라고 쓰여 있어.	Sign says: “Help Wanted: Bank Teller. Closed until we find one.”	MainStreet.dinky
11148	팀블위드 파크는 자라기 좋은 곳이었어.	Thimbleweed Park was a great place to grow up.	MainStreet.dinky
11149	마을로 들어오는 고속도로가 폐쇄됐어.	The highway into town is closed.	MainStreet.dinky
11150	'윌리의 시계 & 바이올린 수리점...'이라고 쓰여 있어.	It says “Willie's Watch & Violin Repairs...	MainStreet.dinky
11151	'1957년부터 시계와 바이올린을 수리해왔습니다.'	“Repairing watches and violins since 1957.”	MainStreet.dinky
11152	저 작은 시계는 가짜인 것 같아.	I think the little clock is fake.	MainStreet.dinky
11153	윌리의 시계 & 바이올린 수리점은 오늘 밤엔 문 닫은 것 같네.	Looks like Willie's Watch & Violin Repairs is closed for the night.	MainStreet.dinky
11154	잘 자, 윌리!	Night Willie!	MainStreet.dinky
11155	저 안엔 철거된 집 사진이 없네.	There aren't any photos of demolished homes in there.	MainStreet.dinky
11156	누가 여기로 이사 오고 싶어 하겠어.	Who would want to move here.	MainStreet.dinky
11157	경제 불황의 수많은 희생양 중 하나네.	One of the many casualties of the economy.	MainStreet.dinky
11158	새 필로우베어™ 매장 오픈이 너무 기다려져.	I can't wait for the new PillowBear™ store to open.	MainStreet.dinky
11159	아빠가 정말 자랑스러워.	I'm so proud of Dad.	MainStreet.dinky
11160	이 필로우베어™들 완전 귀여워!	These PillowBears™ are so cute!	MainStreet.dinky
11161	다 아빠 아이디어였어.	They were all Dad's idea.	MainStreet.dinky
11162	고깔 표지판이네. 그냥 내버려 둬야겠어.	It's a traffic cone. I'm going to leave it alone.	MainStreet.dinky
11163	A 스트리트	A Street	MainStreet.dinky
11164	B 스트리트	B Street	MainStreet.dinky
11165	소화전	fire hydrant	MainStreet.dinky
11166	골목	alley	MainStreet.dinky
11167	골목	an alley	MainStreet.dinky
11168	문	door	MainStreet.dinky
11169	그 다이너 문	the Diner door	MainStreet.dinky
11170	들어가기	Enter	MainStreet.dinky
11171	다이너 들어가기	Enter Diner	MainStreet.dinky
11172	은행 문	bank door	MainStreet.dinky
11173	그 은행 문	the bank door	MainStreet.dinky
11174	들어가기	Enter	MainStreet.dinky
11175	은행 들어가기	Enter bank	MainStreet.dinky
11176	표지판	sign	MainStreet.dinky
11177	구인 공고	a job posting	MainStreet.dinky
11178	표지판	sign	MainStreet.dinky
11179	그 팀블위드 파크 표지판	the Thimbleweed Park sign	MainStreet.dinky
11180	그 고속도로	the highway	MainStreet.dinky
11181	시계 수리점 간판	watch repair sign	MainStreet.dinky
11182	문	door	MainStreet.dinky
11183	부동산 사무소	realtor's office	MainStreet.dinky
11184	그 부동산 사무소	the realtor's office	MainStreet.dinky
11185	꽃집	flower shop	MainStreet.dinky
11186	그 꽃집	the flower shop	MainStreet.dinky
11187	오픈 예정	Coming Soon	MainStreet.dinky
11188	그 새 필로우베어™ 매장	the new PillowBear™ store	MainStreet.dinky
11189	필로우베어™ 간판	PillowBear™ sign	MainStreet.dinky
11190	변두리	outskirts	MainStreet.dinky
11191	시청 문	City Hall door	MainStreet.dinky
11192	그 시청 문	the City Hall door	MainStreet.dinky
11193	들어가기	Enter	MainStreet.dinky
11194	 시청	 City Hall	MainStreet.dinky
11195	고깔 표지판	traffic cone	MainStreet.dinky
11196	고깔 표지판	traffic cone	MainStreet.dinky
11197	고깔 표지판	traffic cone	MainStreet.dinky
11198	퀴키팔에 오신 걸 환영합니다. 뭐 찾는 거 도와드릴까요?	Welcome to Quickie Pal. Can I help you find anything?	QuickiePal.dinky
11199	저는 개인적으로 초콜릿 봉봉을 정말 좋아해요.	I personally am really fond of the chocolate bon bons.	QuickiePal.dinky
11200	뭐든 찾는 거 있으면 말씀해 주세요.	Let me know if I can help you find anything.	QuickiePal.dinky
11201	뭐든 찾는 거 있으면 말씀해 주세요.	Let me know if I can help you find anything.	QuickiePal.dinky
11202	뭐든 찾는 거 있으면 말씀해 주세요.	Let me know if I can help you find anything.	QuickiePal.dinky
11203	뭐든 찾는 거 있으면 말씀해 주세요.	Let me know if I can help you find anything.	QuickiePal.dinky
11204	뭐든 찾는 거 있으면 말씀해 주세요.	Let me know if I can help you find anything.	QuickiePal.dinky
11205	뭐든 도와드릴 거 있으면 말씀해 주세요.	Let me know if I can help you with anything.	QuickiePal.dinky
11206	뭐든 도와드릴 거 있으면 말씀해 주세요.	Let me know if I can help you with anything.	QuickiePal.dinky
11207	저는 도와드리려고 있는 거예요.	I'm here to serve.	QuickiePal.dinky
11208	저는 도와드리려고 있는 거예요.	I'm here to serve.	QuickiePal.dinky
11209	저는 도와드리려고 있는 거예요.	I'm here to serve.	QuickiePal.dinky
11210	저 노을 정말 멋지지 않아요?	How about that sunset?	QuickiePal.dinky
11211	랜섬 더 클라운 정말 대단하지 않아요? 완전 웃겨요.	How about that Ransome the Clown? He's so funny.	QuickiePal.dinky
11212	독감 예방주사 맞는 거 잊지 마세요.	Don't forget to get your flu shot.	QuickiePal.dinky
11213	유통기한 지난 우유 어때요? 정가에서 50% 할인이에요.	Want some expired milk? 50% off normal price.	QuickiePal.dinky
11214	피전 자매님들이 우리 쥐 문제 해결해줘서 정말 다행이에요!	Sure glad the Pigeon Sisters got rid of our rat problem!	QuickiePal.dinky
11215	고급 가죽 재킷™ 사실래요?	Want to buy a Fine Leather Jacket™?	QuickiePal.dinky
11216	어이쿠!	Yikes!	QuickiePal.dinky
11217	어이쿠!	Yikes!	QuickiePal.dinky
11218	쭉 들이켜세요!	Drink up!	QuickiePal.dinky
11219	우편 투입구네.	It's a mail drop.	QuickiePal.dinky
11220	팀블위드 파크 기념 티셔츠야!	It's a souvenir Thimbleweed Park T-shirt!	QuickiePal.dinky
11221	'병 반환은 여기서, 5센트.'	It says “Redeem bottles here, 5¢.”	QuickiePal.dinky
11222	이런 상자 몇 개 신경 쓸 사람 없어.	No one cares about a bunch of boxes.	QuickiePal.dinky
11223	전부 '필로우베어™ 한 다스'라고 쓰여 있어.	They all say, “1 Dozen PillowBears™.”	QuickiePal.dinky
11224	이 아이디어 생각해낸 아빠가 정말 자랑스러워!	I'm so proud of Dad for thinking up this idea!	QuickiePal.dinky
11225	완전 쥐-쩔어!	It's Ratastic!	QuickiePal.dinky
11226	확실히 새로운 장난감 유행은 아니야. 나 어릴 때도 있었는데.	Definitely not a new toy craze. I had one when I was a kid.	QuickiePal.dinky
11227	유명인 얼굴인데, 사탕 디스펜서로 쓰이는 게 좀 굴욕적이네. 더 나은 사진이 필요해.	It's a celebrity's head, but kind of demeaning being a candy dispenser. I need a better photo.	QuickiePal.dinky
11228	랜섬 사탕 디스펜서가 엄청 많네.	That's a lot of Ransome candy dispensers.	QuickiePal.dinky
11229	방황하는 아이들을 위한 랜섬 더 클라운의 집 홍보용으로 나눠드리고 있어요. 하나 가져가세요.	Giving them away as a promotion for the Ransome the Clown House for Wayward Kids. Take one.	QuickiePal.dinky
11230	고객당 하나씩이에요. 회사 정책이라서요.	It's one per customer. Corporate policy.	QuickiePal.dinky
11231	확실한 거면 해볼 텐데.	I'd play if it were a sure thing.	QuickiePal.dinky
11232	퀴키팔 문	Quickie Pal door	QuickiePal.dinky
11233	그 퀴키팔 문	the Quickie Pal door	QuickiePal.dinky
11234	나가기	Leave	QuickiePal.dinky
11235	퀴키팔 나가기	Leave the Quickie Pal	QuickiePal.dinky
11236	우편 투입구	mail drop	QuickiePal.dinky
11237	티셔츠	T-shirt	QuickiePal.dinky
11238	표지판	sign	QuickiePal.dinky
11239	상자	boxes	QuickiePal.dinky
11240	상자	boxes	QuickiePal.dinky
11241	쥐	rat	QuickiePal.dinky
11242	랜섬 사탕 디스펜서	Ransome candy dispensers	QuickiePal.dinky
11243	로또	Lotto	QuickiePal.dinky
11244	그 로또 표지판	the Lotto sign	QuickiePal.dinky
11245	아마 다른 게임의 퍼즐 해답이겠지.	Probably the solution to a puzzle in another game.	PostOffice.dinky
11246	우편물 무게 재는 거네.	It's for weighing mail.	PostOffice.dinky
11247	여기서 레너드의 전기세 고지서를 부칠 수 있겠어.	This is where I could mail Leonard's electricity bill.	PostOffice.dinky
11248	우편물이 있었으면 여기다 넣었을 텐데.	If I had any mail, this is where I'd put it.	PostOffice.dinky
11249	제퍼슨의 실제 사진이면 훨씬 낫겠는데.	An actual image of Jefferson would be much better.	PostOffice.dinky
11250	7월을 보여주고 있네... 그때가 옛날이었지.	It's showing the month of July... That was a long time ago.	PostOffice.dinky
11251	공공기물 파손이 진짜 문제인가 보네. 사례를 사진으로 찍어야겠어.	Looks like government property vandalism really is a problem. I need to photograph an example of it.	PostOffice.dinky
11252	'우편함 침입 시도를 그만두어 주십시오.'	“Please stop trying to break into the mailboxes.”	PostOffice.dinky
11253	잠겨 있어.	They are locked.	PostOffice.dinky
11254	비밀번호를 몰라.	I don't have the combination.	PostOffice.dinky
11255	개인 우편함이 엄청 많네.	That's a lot of private mailboxes.	PostOffice.dinky
11256	우편함 손상이 진짜 사소하네. 사진용으로는 부족해.	The mailbox damage is really minor. Not good enough for the photo.	PostOffice.dinky
11257	안이 어두워!	It's dark in there!	PostOffice.dinky
11258	이거 때문에 완전 큰일 나겠는데.	I'm going to get in so much trouble for this.	PostOffice.dinky
11259	이 우편함 조금 긁힌 것 같네.	This mailbox looks a little scuffed up.	PostOffice.dinky
11260	이게 현명한 생각이었는지 잘 모르겠어.	I'm not so sure this was a smart idea.	PostOffice.dinky
11261	이런 상자 몇 개 신경 쓸 사람 없어.	No one cares about a bunch of boxes.	PostOffice.dinky
11262	필로우베어™ 무더기네, 발송되길 기다리고 있어.	It's a bunch of PillowBears™, waiting to be mailed out.	PostOffice.dinky
11263	그거 아빠 아이디어였는데!	That was Dad's idea!	PostOffice.dinky
11264	문	door	PostOffice.dinky
11265	그 우체국 문	the Post Office door	PostOffice.dinky
11266	나가기	Leave	PostOffice.dinky
11267	우체국 나가기	Leave the Post Office	PostOffice.dinky
11268	테이프	tape	PostOffice.dinky
11269	테이프	tape	PostOffice.dinky
11270	저울	scale	PostOffice.dinky
11271	우편 투입구	mail drop	PostOffice.dinky
11272	달력	calendar	PostOffice.dinky
11273	중요 공지	important notice	PostOffice.dinky
11274	중요 공지	an important notice	PostOffice.dinky
11275	우편함	mailboxes	PostOffice.dinky
11276	우편함	mailboxes	PostOffice.dinky
11277	파손된 우편함	destroyed mailbox	PostOffice.dinky
11278	긁힌 우편함	scuffed up mailbox	PostOffice.dinky
11279	상자	boxes	PostOffice.dinky
11280	상자	boxes	PostOffice.dinky
11281	차단돼 있어.	It's been shut off.	CityHall.dinky
11282	작동해도 안 마실 거야.	Even if it was working, I wouldn't drink from it.	CityHall.dinky
11283	팀블위드 삼군(三郡) 인장이네!	It's the Thimbleweed tri-county seal!	CityHall.dinky
11284	위풍당당하네!	It's majestic!	CityHall.dinky
11285	저 사람 어떤 노인네인데 죽은 게 거의 확실해.	That's some old dude who I'm pretty sure is dead. 	CityHall.dinky
11286	누군지는 모르겠는데, 대통령 같아 보이진 않아.	I don't know who he is, but he doesn't look very presidential.	CityHall.dinky
11287	저건 액자 살 때 같이 딸려온 게 거의 확실해.	Pretty sure that came with the frame.	CityHall.dinky
11288	문	door	CityHall.dinky
11289	나가기	Leave	CityHall.dinky
11290	시청 나가기	Leave City Hall	CityHall.dinky
11291	식수대	drinking fountain	CityHall.dinky
11292	인장	seal	CityHall.dinky
11293	보안관 사무실 문	Sheriff's Office door	CityHall.dinky
11294	그 보안관 사무실 문	the Sheriff's Office door	CityHall.dinky
11295	들어가기	Enter	CityHall.dinky
11296	보안관 사무실 들어가기	Enter the Sheriff's Office	CityHall.dinky
11297	검시관 사무실 문	Coroner's Office door	CityHall.dinky
11298	그 검시관 사무실 문	the Coroner's Office door	CityHall.dinky
11299	들어가기	Enter	CityHall.dinky
11300	검시관 사무실 들어가기	Enter the Coroner's Office	CityHall.dinky
11301	그림	painting	CityHall.dinky
11302	그림	painting	CityHall.dinky
11303	이것들 진짜 소름 끼쳤는데. 꺼져서 다행이야.	These things were creepy. I'm glad they were deactivated.	QuickiePalOutside.dinky
11304	이게 사람들 영화 대여 기록을 추적해서 정체불명의 회사들이랑 공유했다더라. **소름**	I heard they actually tracked your movie rentals and shared the information with unknown companies. **SHIVER**	QuickiePalOutside.dinky
11305	퀴키팔 문	Quickie Pal door	QuickiePalOutside.dinky
11306	그 퀴키팔 문	the Quickie Pal door	QuickiePalOutside.dinky
11307	들어가기	Enter	QuickiePalOutside.dinky
11308	퀴키팔 들어가기	Enter the Quickie Pal	QuickiePalOutside.dinky
11309	메인 스트리트	Main Street	QuickiePalOutside.dinky
11310	화장실 문	bathroom door	QuickiePalOutside.dinky
11311	그 화장실 문	the bathroom door	QuickiePalOutside.dinky
11312	들어가기	Enter	QuickiePalOutside.dinky
11313	화장실 들어가기	Enter bathroom	QuickiePalOutside.dinky
11314	전망	vista	QuickiePalOutside.dinky
11315	무비트론 3000™	MovieTron 3000™	QuickiePalOutside.dinky
11316	그 무비트론 3000™	the MovieTron 3000™	QuickiePalOutside.dinky
11317	오래된 랜섬 더 클라운 포스터네.	It's an old Ransome the Clown poster.	Alleyway.dinky
11318	그 사람의 훌륭한 풍자 공연이 제일 그리운 것 같아.	I think I miss his brilliant performance satire most of all.	Alleyway.dinky
11319	좀 예술적이긴 한데, 나탈리가 이걸 원할 것 같진 않아.	Kind of artsy, but I don't think Natalie will want this one.	Alleyway.dinky
11320	랜섬 더 클라운 포스터야!	It's a Ransome the Clown poster!	Alleyway.dinky
11321	사진이 꽤 형편없네. 랜섬인지 아무도 못 알아볼 거야.	That's a pretty crappy photo. No one's going to know it's Ransome.	Alleyway.dinky
11322	사진이 꽤 형편없네. 랜섬인지 아무도 못 알아볼 거야.	That's a pretty crappy photo. No one's going to know it's Ransome.	Alleyway.dinky
11323	좀 예술적이긴 한데, 나탈리가 이걸 원할 것 같진 않아.	Kind of artsy, but I don't think Natalie will want this one.	Alleyway.dinky
11324	이건 별로 둥글지 않은 것 같아.	I don't think this is round enough.	Alleyway.dinky
11325	쓰레기통치고는 사실 꽤 깨끗하네. 전혀 역겹지 않아.	It's actually pretty clean for a trash can. Not disgusting at all.	Alleyway.dinky
11326	내가 본 것 중 두 번째로 깨끗한 쓰레기통이네.	This is the second cleanest trash can I've ever seen.	Alleyway.dinky
11327	깨끗할지는 몰라도, 안을 들여다보고 싶진 않아.	It may be clean, but I'm not interested in looking inside.	Alleyway.dinky
11328	쓰레기통 여는 게 내 업무 범위인 것 같진 않은데.	I don't think opening trash cans is part of my job description.	Alleyway.dinky
11329	상자 안에 고양이가 있는 것도, 없는 것도 딱히 웃기지 않아.	Nothing funny about a cat in a box. Or no cat in a box.	Alleyway.dinky
11330	여전히 그냥 빈 상자네.	It's still just an empty box.	Alleyway.dinky
11331	다이너 뒷문이야. 항상 잠겨 있어.	It's the back door to the Diner. It's always locked.	Alleyway.dinky
11332	잠겨 있어.	It's locked.	Alleyway.dinky
11333	오, 팀블콘 88 포스터네!	Ooh, a ThimbleCon 88 poster!	Alleyway.dinky
11334	제이 베인이 붙이게 해주면 우리 MMucasFlem 사무실에 걸어두면 멋질 텐데.	This would look great in my MMucasFlem office, if Jay Bane will let me put it up.	Alleyway.dinky
11335	풀로 붙어 있어서 뗄 수가 없어.	It's glued on and I can't pull it off.	Alleyway.dinky
11336	안녕 랜섬!	Hi Ransome!	Alleyway.dinky
11337	물이 풀을 녹여줄지도 몰라.	Maybe the water will dissolve the glue.	Alleyway.dinky
11338	됐다! 포스터 둘 다 안 상하고.	That worked! And without damaging either poster.	Alleyway.dinky
11339	안녕 랜섬!	Hi Ransome!	Alleyway.dinky
11340	원래 설정으로 돌아갔네.	It's back to its original setting.	Alleyway.dinky
11341	샌디나 데이브가 알아냈나 보네.	Guess Sandy or Dave figured it out.	Alleyway.dinky
11342	밸브가 완전히 열려 있어!	The valve is set to full on!	Alleyway.dinky
11343	녹슨 오래된 밸브네. '팀블위드 파크 가스 회사, 손대지 마시오'라고 쓰여 있어.	It's a rusty old valve. It says “Thimbleweed Park Gas Company, Do Not Touch”.	Alleyway.dinky
11344	꽉 막혀 있어. 못 움직이겠어.	It's stuck. I can't move it.	Alleyway.dinky
11345	또 꽉 막혔어.	It's stuck again.	Alleyway.dinky
11346	포스터	poster	Alleyway.dinky
11347	랜섬 더 클라운 포스터	Ransome the Clown poster	Alleyway.dinky
11348	포스터 모서리	poster edge	Alleyway.dinky
11349	랜섬 더 클라운 포스터	Ransome the Clown poster	Alleyway.dinky
11350	랜섬 더 클라운 포스터	Ransome the Clown poster	Alleyway.dinky
11351	쓰레기통	trash can	Alleyway.dinky
11352	상자	box	Alleyway.dinky
11353	메인 스트리트	Main Street	Alleyway.dinky
11354	문	door	Alleyway.dinky
11355	다이너 뒷문	the Diner back door	Alleyway.dinky
11356	포스터	poster	Alleyway.dinky
11357	팀블콘 포스터	ThimbleCon poster	Alleyway.dinky
11358	랜섬 더 클라운 포스터	Ransome the Clown poster	Alleyway.dinky
11359	밸브	valve	Alleyway.dinky
11360	가스 밸브	gas valve	Alleyway.dinky
11361	팀블콘 '88과 함께 팀블콘을 즐길 시간!	It's time to do the ThimbleCon with ThimbleCon '88!	AStreet.dinky
11362	공상과학 쇼와 영화, 만화책, 그리고 최신 컴퓨터·비디오 게임 기술!	Sci-fi shows and movies, comic books, and the latest computer and video game technology!	AStreet.dinky
11363	매진되기 전에 티켓을 구하세요.	Get your tickets before they are all gone.	AStreet.dinky
11364	제 서점 뒷마당에 오래된 캔이랑 병 좀 그만 던지세요.	Please stop throwing your old cans and bottles into the backyard of my bookstore.	AStreet.dinky
11365	저주 거는 법 알고 있어요!	I know how to curse you!	AStreet.dinky
11366	구함 - 의류 기부	Wanted - Clothes Donations	AStreet.dinky
11367	레노어에게 고급스러운 옷 좀 도와주세요.	Help Lenore out with some classy clothes.	AStreet.dinky
11368	안 입은 새 옷이면 더 좋겠지만, 그렇게 까다롭게 굴 처지는 아니네요.	I'd rather you hadn't worn them, but I guess I can't be picky.	AStreet.dinky
11369	세이플리 퍼스트 저축은행 - 안전하게 저축하는 게 똑똑하게 저축하는 것!	Safely First Savings - Where saving safely is saving smartly!	AStreet.dinky
11370	주식 시장이 치솟고 있습니다, 당분간 떨어질 기미는 안 보이네요!	The stock market is soaring, we don't see it coming down anytime soon!	AStreet.dinky
11371	여러분의 보안관은 여러분이 친환경적이고 깨끗하길-레노 바랍니다!	Your sheriff wants you to be green and clean-a-reno!	AStreet.dinky
11372	고속도로에 쓰레기를 버리거나 상점 앞을 훼손하지 마세요!	Don't litter on the highway or vandalize the storefronts!	AStreet.dinky
11373	최신 필로우베어™가 곧 출시됩니다!	The latest PillowBears™ are almost here!	AStreet.dinky
11374	1988년 신상 컬러!	New colors for 1988!	AStreet.dinky
11375	피전 자매 배관	Pigeon Sisters Plumbing	AStreet.dinky
11376	'저희가 새는 물을 고쳐드릴게요'	'So let us fix your leaking waters'	AStreet.dinky
11377	'그 무엇보다 빠른'	'Nothing is faster'	AStreet.dinky
11378	'피전 자매들보다요'	'than the Pigeon daughters'	AStreet.dinky
11379	사랑을 찾아서	Looking for Love	AStreet.dinky
11380	어젯밤 전망대에서 노닥거리던 그분을 찾습니다.	Seeking the person hanging out at the Vista last night.	AStreet.dinky
11381	우리 뭔가 통했던 것 같아요.	I think we might have a connection.	AStreet.dinky
11382	레이저 앤 더 스커메츠, 더 히친 포스트에서 라이브 공연!	Razor and the Scummettes playing live at The Hitchin' Post!	AStreet.dinky
11383	GT 앤 더 석션 컵스가 오프닝을 맡습니다.	Support by GT and the Suction Cups.	AStreet.dinky
11384	밤새 기계 황소 타기 무료!	Mechanical bull rides free all night!	AStreet.dinky
11385	스투펜더스 브라더스 이동 서커스	Stupendous Brothers Traveling Circus	AStreet.dinky
11386	헤드라인 공연 - 랜섬 더 클라운!	Headline Act - Ransome the Clown!	AStreet.dinky
11387	가족 공연은 오후 2시에 시작합니다.	Family show starts at 2pm.	AStreet.dinky
11388	지역 아티스트들의 가장 죽여주는 히트곡을 들으려면 KSCUM 198.7 FM으로 채널을 돌리세요!	Turn your dials to KSCUM 198.7 FM for the gnarliest hits from local artists!	AStreet.dinky
11389	DJ 캐시가 말하길 '튜나 헤드 좋아하시길 바라요!'	DJ Cassie says 'I hope you like Tuna Head!'	AStreet.dinky
11390	시청 기념식	Ceremony at City Hall	AStreet.dinky
11391	시청이 척 E. 에드먼드 시청으로 이름이 바뀝니다...	City Hall is being renamed the Chuck E. Edmund City Hall...	AStreet.dinky
11392	...척이 마을을 위해 해온 모든 일을 기리며.	...in honor of everything Chuck has done for the town.	AStreet.dinky
11393	얼른 나으세요 척. 보고 싶어요.	Get better Chuck. We miss you.	AStreet.dinky
11394	이건 그냥 텍스트네. 좋은 사진을 위해선 더 인상적인 게 필요해.	This is just text. I need something more impressive for a good photo.	AStreet.dinky
11395	쪽지보다 사진 찍기 좋은 뭔가가 필요해.	I need something more photographic than a note.	AStreet.dinky
11396	너무 심하게 낡아서 좋은 사진이 안 나오겠어.	It's too badly weathered for a good photo.	AStreet.dinky
11397	좀 무섭긴 한데, 딱히 역겹진 않아.	It's a bit scary, but not really disgusting.	AStreet.dinky
11398	쓰레기통이 불타고 있어!	It's a burning trash can!	AStreet.dinky
11399	아야! 내 발가락!	Ouch! My toe!	AStreet.dinky
11400	인벤토리 구멍에 넣기엔 너무 뜨거워.	That's too hot to put in my inventory-hole.	AStreet.dinky
11401	나 부자다!	I'm rich!	AStreet.dinky
11402	사람들이 재활용을 좀 했으면 좋겠어.	I wish people would recycle.	AStreet.dinky
11403	지구 전체 생태 재앙이 백 년도 더 남았다는 건 알지만, 그래도.	I know any planet-wide ecological catastrophe is a hundred or more years away, but still.	AStreet.dinky
11404	마담 모레나가 또 그 끝없는 오컬트 세일을 하고 있나 보네.	Looks like Madame Morena is having one of her never ending occult sales.	AStreet.dinky
11405	마담 모레나가 그 '으스스한' 동작 감지 센서를 꺼놨나 보네.	Looks like Madame Morena turned off her “spooky” motion sensors.	AStreet.dinky
11406	그걸로 아무도 못 속였는데.	She wasn't fooling anyone with those.	AStreet.dinky
11407	그리고 그래, 나 지금 손가락 따옴표 쓴 거 맞아.	And yes, I was using air-quotes.	AStreet.dinky
11408	이건 나탈리한테 줄 만큼 역겹진 않은 것 같아.	I don't think this is disgusting enough for Natalie.	AStreet.dinky
11409	냄새나는 쓰레기로 가득 차 있어.	Filled to the brim with smelly trash.	AStreet.dinky
11410	팀블콘 광고	ThimbleCon advertisement	AStreet.dinky
11411	a	a	AStreet.dinky
11412	공식 공지	official notice	AStreet.dinky
11413	an	an	AStreet.dinky
11414	개인 광고	personals advertisement	AStreet.dinky
11415	a	a	AStreet.dinky
11416	은행 광고	banking advertisement	AStreet.dinky
11417	a	a	AStreet.dinky
11418	공익 광고	public service announcement	AStreet.dinky
11419	a	a	AStreet.dinky
11420	필로우베어™ 광고	PillowBear™ advertisement	AStreet.dinky
11421	a	a	AStreet.dinky
11422	배관 광고	plumbing advertisement	AStreet.dinky
11423	a	a	AStreet.dinky
11424	만남 놓친 사람 찾기 광고	missed connection ad	AStreet.dinky
11425	a	a	AStreet.dinky
11426	오래된 광고	old advertisement	AStreet.dinky
11427	an	an	AStreet.dinky
11428	낡은 광고	weathered advertisement	AStreet.dinky
11429	a	a	AStreet.dinky
11430	라디오 광고	radio advertisement	AStreet.dinky
11431	a	a	AStreet.dinky
11432	공식 발표	official announcement	AStreet.dinky
11433	an	an	AStreet.dinky
11434	우체국 문	Post Office door	AStreet.dinky
11435	그 우체국 문	the Post Office door	AStreet.dinky
11436	들어가기	Enter	AStreet.dinky
11437	우체국 들어가기	Enter Post Office	AStreet.dinky
11438	니켈 뉴스 문	Nickel News door	AStreet.dinky
11439	그 니켈 뉴스 문	the Nickel News door	AStreet.dinky
11440	들어가기	Enter	AStreet.dinky
11441	니켈 뉴스 들어가기	Enter Nickel News	AStreet.dinky
11442	쪽지	note	AStreet.dinky
11443	쪽지	note	AStreet.dinky
11444	쪽지	note	AStreet.dinky
11445	쪽지	note	AStreet.dinky
11446	쪽지	note	AStreet.dinky
11447	쪽지	note	AStreet.dinky
11448	쪽지	note	AStreet.dinky
11449	쪽지	note	AStreet.dinky
11450	쪽지	note	AStreet.dinky
11451	쪽지	note	AStreet.dinky
11452	쪽지	note	AStreet.dinky
11453	쪽지	note	AStreet.dinky
11454	쓰레기통	trash can	AStreet.dinky
11455	10센트	dime	AStreet.dinky
11456	메인 스트리트	Main Street	AStreet.dinky
11457	병	bottle	AStreet.dinky
11458	표지판	sign	AStreet.dinky
11459	그 서점 세일 표지판	the bookstore sale sign	AStreet.dinky
11460	서점 문	bookstore door	AStreet.dinky
11461	그 서점 문	the bookstore door	AStreet.dinky
11462	들어가기	Enter	AStreet.dinky
11463	오컬트 서점 들어가기	Enter Occult Bookstore	AStreet.dinky
11464	쓰레기 수거함	dumpster	AStreet.dinky
11465	뭘 원하는지 모르면 책에 손대지 마세요!	Don't touch the books unless you know what you want!	BookStore.dinky
11466	그냥 작은 사다리네.	Just a small ladder.	BookStore.dinky
11467	그냥 키 크고 삐걱거려 보이는 사다리네.	Just a tall, rickety-looking ladder.	BookStore.dinky
11468	내가 좋아하는 그 신작 게임에 나오는 죽은 사촌 테드처럼 생겼네.	Kind of looks like Dead Cousin Ted from that new game I love.	BookStore.dinky
11469	소름 끼치네.	Creepy.	BookStore.dinky
11470	왜 인형을 갖고 놀고 싶어 하는지 모르겠어.	Not sure why anyone wants to play with dolls.	BookStore.dinky
11471	저건 그 포트란 책이네, 30년 된 컴퓨터 언어.	It's that book on Fortran, a 30-year-old computer language.	BookStore.dinky
11472	포트란에 관한 책이네, 30년 된 컴퓨터 언어.	It's a book on Fortran, a 30-year-old computer language.	BookStore.dinky
11473	여기 위에서 보니 경치 좋네. S&D 다이너도 보이고.	Nice view from up here. I can see the S&D Diner.	BookStore.dinky
11474	이렇게 쓰여 있어...	It reads...	BookStore.dinky
11475	'소름 끼치는 눈.'	“Creepy eyes.”	BookStore.dinky
11476	'소름 끼치는 코.'	“Creepy nose.”	BookStore.dinky
11477	'소름 끼치는 발.'	“Creepy feet.”	BookStore.dinky
11478	'소름 끼치는 발가락.'	“Creepy toes.”	BookStore.dinky
11479	'  - 해피 발렌타인데이'	“  - Happy Valentine's Day”	BookStore.dinky
11480	어쩌고 저쩌고 저쩌고...	bla bla bla bla...	BookStore.dinky
11481	문	door	BookStore.dinky
11482	그 서점 문	the bookstore door	BookStore.dinky
11483	나가기	Leave	BookStore.dinky
11484	서점 나가기	Leave the bookstore	BookStore.dinky
11485	사다리	ladder	BookStore.dinky
11486	사다리	ladder	BookStore.dinky
11487	미라	mummy	BookStore.dinky
11488	인형	doll	BookStore.dinky
11489	포트란 배우기	Learning Fortran	BookStore.dinky
11490	포트란 책	a Fortran book	BookStore.dinky
11491	창문	window	BookStore.dinky
11492	마을	the town	BookStore.dinky
11493	사용 중이야.	It's in use.	Bathroom.dinky
11494	전원이 안 들어온 것 같아.	I don't think the power is on.	Bathroom.dinky
11495	완전 더러운 변기야!	It's a gross toilet!	Bathroom.dinky
11496	너무 어두워서 안 보여.	It's too dark to see.	Bathroom.dinky
11497	완전 더러운 변기 손잡이야!	It's a gross toilet handle!	Bathroom.dinky
11498	너무 어두워서 안 보여.	It's too dark to see.	Bathroom.dinky
11499	완전 더러운 세면대야!	It's a gross sink!	Bathroom.dinky
11500	너무 어두워서 안 보여.	It's too dark to see.	Bathroom.dinky
11501	내가 기억하는 한 계속 고장 나 있었어.	This has been broken for as long as I can remember.	Bathroom.dinky
11502	배수구 아래로.	Down the drain.	Bathroom.dinky
11503	완전 더러운 수도꼭지야!	It's a gross faucet!	Bathroom.dinky
11504	너무 어두워서 안 보여.	It's too dark to see.	Bathroom.dinky
11505	사진이 더러운 수도꼭지에서 나오는 물보다는 나아야 해.	Photo needs to be better than water from a gross faucet.	Bathroom.dinky
11506	사진이 더러운 세면대에서 나오는 물보다는 나아야 해.	Photo needs to be better than water from a gross sink.	Bathroom.dinky
11507	너무 어두워서 안 보여.	It's too dark to see.	Bathroom.dinky
11508	내가 기억하는 한 계속 고장 나 있었어.	This has been broken for as long as I can remember.	Bathroom.dinky
11509	이 정도면 될 거야.	That should do it.	Bathroom.dinky
11510	고양이한테 재미없는 방향으로 걸린 두루마리 휴지네.	It's a roll of toilet paper in the “boring for cats” position.	Bathroom.dinky
11511	고양이한테 재밌는 방향으로 걸린 두루마리 휴지네.	It's a roll of toilet paper in the “fun for cats” position.	Bathroom.dinky
11512	두루마리 휴지네.	It's a roll of toilet paper.	Bathroom.dinky
11513	너무 어두워서 안 보여.	It's too dark to see.	Bathroom.dinky
11514	드라이버야!	It's a screwdriver!	Bathroom.dinky
11515	너무 어두워서 안 보여.	It's too dark to see.	Bathroom.dinky
11516	너무 어두워서 안 보여.	It's too dark to see.	Bathroom.dinky
11517	너무 어두워서 안 보여.	It's too dark to see.	Bathroom.dinky
11518	때 사이로 내 모습이 보이네.	I can see myself through the grime.	Bathroom.dinky
11519	웃어!	Smile!	Bathroom.dinky
11520	웃어!	Smile!	Bathroom.dinky
11521	이건 나탈리한테 줄 만큼 역겹진 않은 것 같아.	I don't think this is disgusting enough for Natalie.	Bathroom.dinky
11522	저긴 절대 안 들여다볼 거야, 여기서도 냄새가 나!	No way am I going to look in there, I can smell it from here!	Bathroom.dinky
11523	너무 어두워서 안 보여.	It's too dark to see.	Bathroom.dinky
11524	화장실 문	bathroom door	Bathroom.dinky
11525	그 화장실 문	the bathroom door	Bathroom.dinky
11526	나가기	Leave	Bathroom.dinky
11527	화장실 나가기	Leave bathroom	Bathroom.dinky
11528	조명 스위치	light switch	Bathroom.dinky
11529	변기	toilet	Bathroom.dinky
11530	뭔가	something	Bathroom.dinky
11531	변기 손잡이	toilet handle	Bathroom.dinky
11532	뭔가	something	Bathroom.dinky
11533	세면대	sink	Bathroom.dinky
11534	뭔가	something	Bathroom.dinky
11535	수도꼭지	faucet	Bathroom.dinky
11536	뭔가	something	Bathroom.dinky
11537	두루마리 휴지	toilet paper	Bathroom.dinky
11538	뭔가	something	Bathroom.dinky
11539	두루마리 휴지	toilet paper	Bathroom.dinky
11540	드라이버	screwdriver	Bathroom.dinky
11541	뭔가	something	Bathroom.dinky
11542	거울	mirror	Bathroom.dinky
11543	뭔가	something	Bathroom.dinky
11544	나	me	Bathroom.dinky
11545	쓰레기통	trash can	Bathroom.dinky
11546	뭔가	something	Bathroom.dinky
11547	^사진 %d장을 더 제출해야 MMucasFlem 게임 개발자 일로 돌아갈 수 있어.	^You need to turn in %d more photos before returning to your game developer job at MMucasFlem.	StartScreen.dinky
11548	카메라부터 찾아서 목록 확인하고 시작해야겠다.	I better find that camera, take a look at the list, and get cracking.	StartScreen.dinky
11549	가스가 너무 세게 나오고 있어!	Gas is on too high!	Diner.dinky
11550	아아아악!	Agggg!	Diner.dinky
11551	이런이런이런!	Man oh man oh man!	Diner.dinky
11552	안 돼애애!	Noooo!	Diner.dinky
11553	누가 가스 좀 줄여줘!	Someone turn down the gas!	Diner.dinky
11554	엎드려! 그대로 있어!	Down! Stay down!	Diner.dinky
11555	고베 소고기 핫도그네.	It's a Kobe beef hot dog.	Diner.dinky
11556	스위스 돼지고기 핫도그네.	It's a Swiss pork hot dog.	Diner.dinky
11557	허브 치킨 핫도그네.	It's a herb and chicken hot dog.	Diner.dinky
11558	프렌치 머스터드 케일 베지도그네.	It's a French mustard and kale veggie dog.	Diner.dinky
11559	KSCUM에 맞춰져 있네. 당연히 그래야지!	It's tuned to KSCUM. As it should be!	Diner.dinky
11560	KSCUM이 더 필요해!	Needs more KSCUM!	Diner.dinky
11561	고급스럽네! 온갖 종류의 고급 핫도그가 다 있어.	Fancy stuff! All kinds of gourmet hot dogs.	Diner.dinky
11562	데이브랑 샌디가 그 상들을 다 탄 뒤로 확실히 품질이 좋아졌네.	Quality sure has gone up since Dave and Sandy won all those awards.	Diner.dinky
11563	불이 엄청 많이 났네!	That's a lot of fire!	Diner.dinky
11564	위험해 보이는데! 기사를 위해서라면야.	Looks dangerous! Anything for a story.	Diner.dinky
11565	문	door	Diner.dinky
11566	그 다이너 문	the Diner door	Diner.dinky
11567	나가기	Leave	Diner.dinky
11568	다이너 나가기	Leave the Diner	Diner.dinky
11569	핫도그	hot dog	Diner.dinky
11570	핫도그	hot dog	Diner.dinky
11571	핫도그	hot dog	Diner.dinky
11572	핫도그	hot dog	Diner.dinky
11573	라디오	radio	Diner.dinky
11574	메뉴	menu	Diner.dinky
11575	그 다이너 메뉴	the Diner menu	Diner.dinky
11576	불덩이	fireballs	Diner.dinky
11577	데이브와 불덩이들	Dave and the fireballs	Diner.dinky
11578	그냥 서랍이네.	Just a drawer.	SheriffsOffice.dinky
11579	그냥 버려진 서커스에 관한 이상한 경찰 보고서네. 근데 버려진 게 아닌데.	Just the odd police report about the abandoned circus. Which isn't abandoned.	SheriffsOffice.dinky
11580	그냥 오래된 경찰 파일들이네.	Just some old police files.	SheriffsOffice.dinky
11581	그냥 오래된 경찰 보고서들이네.	Just some old police reports.	SheriffsOffice.dinky
11582	경범죄 보고서들이네.	Reports of minor infractions.	SheriffsOffice.dinky
11583	이상하다고? 버려진 서커스에서 있었던 문제에 대한 경찰 보고서가 있다고?	That's odd? There is a police report for trouble at the abandoned circus?	SheriffsOffice.dinky
11584	서커스가 버려진 게 아니라고? 랜섬이 그 어느 때보다 인기 많은데.	The circus isn't abandoned? Ransome has never been more popular.	SheriffsOffice.dinky
11585	그냥 오래된 경찰 파일들이네.	Just some old police files.	SheriffsOffice.dinky
11586	그냥 오래된 경찰 보고서들이네.	Just some old police reports.	SheriffsOffice.dinky
11587	경범죄 보고서들이네.	Reports of minor infractions.	SheriffsOffice.dinky
11588	이 문 열어!	Open this door!	SheriffsOffice.dinky
11589	지금 당장 이 문 열어!	Open this door now!	SheriffsOffice.dinky
11590	이 문 열어-레노!	Open this door-a-reno!	SheriffsOffice.dinky
11591	난 법을 집행하는 사람이야-레노!	I'm an officer of the law-a-reno!	SheriffsOffice.dinky
11592	이거로 딱지 뗄 수도 있어-레노.	I could write-a-reno you a ticket for this.	SheriffsOffice.dinky
11593	아레노! 아레노! 아레노-경보-레노!	A-reno! A-reno! A-reno-alert-a-reno!	SheriffsOffice.dinky
11594	왜 오늘 내 관급 리볼버를-레노 안 가져왔지?	Why didn't I bring my service-revolver-a-reno today?	SheriffsOffice.dinky
11595	빌어먹을-레노!	Dagnabbit-a-reno!	SheriffsOffice.dinky
11596	이게 뭐야-레노!	What-the-a-reno!	SheriffsOffice.dinky
11597	빌어먹을-레노!	Dagnabbit-a-reno!	SheriffsOffice.dinky
11598	무전기에 손이 안 닿아-레노.	I can't reach the radio-a-reno.	SheriffsOffice.dinky
11599	딜로리스!!	Delores!!	SheriffsOffice.dinky
11600	요즘 애들이란-레노!	Kids-a-reno these days!	SheriffsOffice.dinky
11601	내 열쇠 어디 갔지?	Where's my key?	SheriffsOffice.dinky
11602	이게 뭐야-레노!	What-the-a-reno!	SheriffsOffice.dinky
11603	그거 만지지 마-레노.	Don't touch that-a-reno.	SheriffsOffice.dinky
11604	흥!	Humph!	SheriffsOffice.dinky
11605	요즘 애들이란-레노!	Kids-a-reno these days!	SheriffsOffice.dinky
11606	왜?	Why?	SheriffsOffice.dinky
11607	나가주게-레노.	Please leave-a-reno.	SheriffsOffice.dinky
11608	이게 뭐야-레노!	What-the-a-reno!	SheriffsOffice.dinky
11609	그 사람이 안 보이는데-어후?	I don't see him-a-who?	SheriffsOffice.dinky
11610	보안관님이 여기 안 계신데-어후?	Sheriff's not here-a-who?	SheriffsOffice.dinky
11611	보안관님이 잠깐 나가신 게-어후 틀림없나-어후?	Sheriff must have stepped-a-who out-a-who?	SheriffsOffice.dinky
11612	열쇠가 어디 있지-레노?	Where is the key-a-reno?	SheriffsOffice.dinky
11613	너 열쇠 갖고 있어-레노?	Do you have-a-reno the key?	SheriffsOffice.dinky
11614	나가야 해-레노.	I need to get out-a-reno.	SheriffsOffice.dinky
11615	나 열쇠 없어-레노!	I don't have-a-reno the key!	SheriffsOffice.dinky
11616	열쇠가 어디 있지-어후?	Where is the key-a-who?	SheriffsOffice.dinky
11617	너 열쇠 갖고 있어-어후?	Do you have-a-who the key?	SheriffsOffice.dinky
11618	너 나가야 해-어후.	You need to get out-a-who.	SheriffsOffice.dinky
11619	나 열쇠 없어-어후!	I don't have-a-who the key!	SheriffsOffice.dinky
11620	이것들 진짜 소름 끼쳤는데. 꺼져서 다행이야.	These things were creepy. I'm glad they were deactivated.	SheriffsOffice.dinky
11621	수배 포스터네.	It's a wanted poster.	SheriffsOffice.dinky
11622	저건 상자 안에 들어있던 것 같은데.	I think that one came in the box.	SheriffsOffice.dinky
11623	수배: 수배 포스터 한 장. 현상금 없음.	Wanted: One wanted poster. No reward.	SheriffsOffice.dinky
11624	공식 경찰 전화기네.	It's an official police phone.	SheriffsOffice.dinky
11625	이봐! 그건 공식 경찰-레노 전화기야. 누가 긴급 상황으로-레노 전화할 수도 있어.	Hey! That's an official police-a-reno phone. Someone might call in with an emergency-a-reno.	SheriffsOffice.dinky
11626	그건 공식 '경찰-레노' 전화기야. 누가 '긴급 상황-레노'으로 전화할 수도 있고.	That's an official “police-a-reno” phone. Someone might call in with an “emergency-a-reno”.	SheriffsOffice.dinky
11627	그건 공식 경찰 전화기야. 누가 긴급 상황으로 전화할 수도 있어.	That's an official police phone. Someone might call in with an emergency.	SheriffsOffice.dinky
11628	캐비닛이야!	It's a cabinet!	SheriffsOffice.dinky
11629	캐비닛이야!	It's a cabinet!	SheriffsOffice.dinky
11630	큰 열쇠네.	It's a large key.	SheriffsOffice.dinky
11631	그 열쇠 만지지 마-레노.	Don't touch the key-a-reno.	SheriffsOffice.dinky
11632	KSCUM에 맞춰져 있네. 당연히 그래야지!	It's tuned to KSCUM. As it should be!	SheriffsOffice.dinky
11633	KSCUM이 더 필요해!	Needs more KSCUM!	SheriffsOffice.dinky
11634	여기 갇히면 진짜 싫을 것 같아.	I'd hate to get locked up in here.	SheriffsOffice.dinky
11635	잠겨 있어.	It's locked.	SheriffsOffice.dinky
11636	다들 저렇게 화나 있는데 그 사람을 풀어주고 싶진 않아.	I don't want to let him out while they are so upset.	SheriffsOffice.dinky
11637	다들 화나 보이네.	They look upset.	SheriffsOffice.dinky
11638	어레스트트론 3000™	ArrestTron 3000™	SheriffsOffice.dinky
11639	그 어레스트트론 3000™	the ArrestTron 3000™	SheriffsOffice.dinky
11640	문	door	SheriffsOffice.dinky
11641	나가기	Leave	SheriffsOffice.dinky
11642	보안관 사무실 나가기	Leave the Sheriff's Office	SheriffsOffice.dinky
11643	포스터	poster	SheriffsOffice.dinky
11644	포스터	poster	SheriffsOffice.dinky
11645	포스터	poster	SheriffsOffice.dinky
11646	전화기	phone	SheriffsOffice.dinky
11647	캐비닛	cabinet	SheriffsOffice.dinky
11648	캐비닛	cabinet	SheriffsOffice.dinky
11649	열쇠	key	SheriffsOffice.dinky
11650	라디오	radio	SheriffsOffice.dinky
11651	감방 문	jail door	SheriffsOffice.dinky
11652	그 감방 문	the jail door	SheriffsOffice.dinky
11653	보안관과 검시관	Sheriff and Coroner	SheriffsOffice.dinky
11654	the	the	SheriffsOffice.dinky
11655	다섯 시 막 지났네.	It's just after five o'clock.	Bank.dinky
11656	이 그림 어디서 본 것 같은데.	I think I've seen this painting somewhere before.	Bank.dinky
11657	인상적이네!	Impressive!	Bank.dinky
11658	은행 홍보 전단이네.	It's a promotional bank flyer.	Bank.dinky
11659	은행 전단 남은 게 없어.	No bank flyers left.	Bank.dinky
11660	척 삼촌의 '필립의 위험한 기계'네.	It's Uncle Chuck's “Philipp's Dangerous Dövice.”	Bank.dinky
11661	은행원이 압류품이 방사능 먼지가 되지 않게 안전하게 보관하고 있나 보네.	I guess the banker is keeping it safe so his repossession doesn't turn to radioactive dust.	Bank.dinky
11662	은행 공식 전화기네.	It's an official bank phone.	Bank.dinky
11663	안 쓰는 게 낫겠지, 중요한 은행 업무로 전화 올 수도 있으니까.	I probably shouldn't, someone with important bank business might call.	Bank.dinky
11664	쓰레기통이 불타고 있어!	It's a burning trash can!	Bank.dinky
11665	은행 안에서!	In a bank!	Bank.dinky
11666	아야! 내 발가락!	Ouch! My toe!	Bank.dinky
11667	인벤토리 구멍에 넣기엔 너무 뜨거워.	That's too hot to put in my inventory-hole.	Bank.dinky
11668	시계	clock	Bank.dinky
11669	저 시계는 별로 작지 않은 것 같아.	I don't think that clock is tiny enough.	Bank.dinky
11670	그림	painting	Bank.dinky
11671	표지판	sign	Bank.dinky
11672	문	door	Bank.dinky
11673	그 은행 문	the bank door	Bank.dinky
11674	나가기	Leave	Bank.dinky
11675	은행 나가기	Leave the bank	Bank.dinky
11676	은행 전단	bank flyers	Bank.dinky
11677	은행 전단	bank flyers	Bank.dinky
11678	'필립의 위험한 기계'	“Philipp's Dangerous Dövice”	Bank.dinky
11679	철거 사진은 훨씬 더 극적이어야 해.	The demolition photo needs to be way more dramatic.	Bank.dinky
11680	은행 전화기	bank phone	Bank.dinky
11681	쓰레기통	trash can	Bank.dinky
11682	좀 무섭긴 한데, 딱히 역겹진 않아.	It's a bit scary, but not really disgusting.	Bank.dinky
11683	저 아래 퀴키팔이 반짝이고 있네.	There's the Quickie Pal down there, flashing away.	Vista.dinky
11684	시골까지 걸어 내려가면서 시간 낭비하면 안 되는데.	I shouldn't dilly-dally by walking down into the country.	Vista.dinky
11685	나탈리가 그 사진들 기대하고 있으니까.	Natalie is counting on me for those photographs.	Vista.dinky
11686	서커스 완전 좋아해!	I love the circus!	Vista.dinky
11687	MMucasFlem 게임즈로 돌아가기 전에 랜섬 더 클라운 쇼는 꼭 봐야지.	I need to make sure I see Ransome the Clown's show before I go back to MMucasFlem Games.	Vista.dinky
11688	저건 오래된 에드먼드 호텔이네.	It's the old Edmund Hotel.	Vista.dinky
11689	척 삼촌이 정신병원에 수용되고 은행이 압류하기 전까지는 삼촌의 자랑이었는데.	That was Uncle Chuck's pride and joy until the bank repossessed it when he was committed to the sanitarium.	Vista.dinky
11690	저기서 필로우베어™를 만들 텐데, 필로우베어™ 사진 자체가 더 나은 사진일 것 같긴 해.	That's where they'll make PillowBears™, but I think an image of a PillowBear™ is a better photo.	Vista.dinky
11691	공장이 필로우베어™ 생산으로 다시 돌아가는 걸 보니 좋네.	It's nice to see the factory ramping up again to make PillowBears™.	Vista.dinky
11692	맨션 저택은 상태가 아주 좋네. 주택 철거 기사용 사진이 필요한데.	The Mansion mansion is in great shape. I need a photo for home demolition.	Vista.dinky
11693	팀블위드의 개인 체르노빌 같은 곳이네.	It's like Thimbleweed's own private Chernobyl.	Vista.dinky
11694	은행이 압류하기 전에 살던 우리 옛날 집이야.	My old home before it was repossessed by the bank.	Vista.dinky
11695	KSCUM은 히트곡만 틀어주지.	KSCUM plays all the hits.	Vista.dinky
11696	마을	town	Vista.dinky
11697	시골	country	Vista.dinky
11698	고깔 표지판	traffic cone	Vista.dinky
11699	서커스	circus	Vista.dinky
11700	그 서커스	the circus	Vista.dinky
11701	서커스	circus	Vista.dinky
11702	그 서커스	the circus	Vista.dinky
11703	호텔	hotel	Vista.dinky
11704	에드먼드 호텔	the Edmund Hotel	Vista.dinky
11705	호텔	hotel	Vista.dinky
11706	에드먼드 호텔	the Edmund Hotel	Vista.dinky
11707	공장	factory	Vista.dinky
11708	그 공장	the factory	Vista.dinky
11709	방사능 분화구	radioactive crater	Vista.dinky
11710	에드먼드 맨션 저택	Edmund Mansion mansion	Vista.dinky
11711	방사능 분화구	a radioactive crater	Vista.dinky
11712	우리 옛날 맨션 저택	our old Mansion mansion	Vista.dinky
11713	라디오 방송국	radio station	Vista.dinky
11714	그 라디오 방송국	the radio station	Vista.dinky
11715	FORTRAN⏎	FORTRAN⏎	Book.dinky
11716	입문⏎	An introduction⏎	Book.dinky
11717	⏎	⏎	Book.dinky
11718	오늘날 많은 프로그래머들이 포트란을 죽은 프로그래밍 언어로 여기지만, 이보다 사실과 동떨어진 얘기는 없다.⏎⏎	While many programmers today consider FORTRAN to be a dead programming language, nothing could be further from the truth.⏎⏎	Book.dinky
11719	저자들은 2020년대 훨씬 이후까지도(그리고 그 너머까지) 포트란이 모든 컴퓨터 언어의 최전선에 있을 것이라 확신한다.⏎⏎	The authors have no doubt that well into the 2020's (and beyond) FORTRAN will be at the forefront of all computer languages.⏎⏎	Book.dinky
11720	이 책은 컴퓨터 프로그래밍의 미래에서 우위를 찾는 현대 프로그래머를 위한 도구 역할을 하고자 한다.	This book is to serve as a tool for the modern programmer looking for an edge in the future of computer programing.	Book.dinky
11721	⏎program circle⏎	⏎program circle⏎	Book.dinky
11722	real r, area⏎	real r, area⏎	Book.dinky
11723	⏎	⏎	Book.dinky
11724	c 숫자를 입력받아⏎	c Reads a number and prints⏎	Book.dinky
11725	c 원의 넓이를 출력한다.⏎	c the area of a circle.⏎	Book.dinky
11726	⏎	⏎	Book.dinky
11727	write (*,*) '반지름 r을 입력하세요:'⏎	write (*,*) 'Give radius r:'⏎	Book.dinky
11728	read  (*,*) r⏎	read  (*,*) r⏎	Book.dinky
11729	area = 3.14159*r*r⏎	area = 3.14159*r*r⏎	Book.dinky
11730	write (*,*) '넓이 = ', area⏎	write (*,*) 'Area = ', area⏎	Book.dinky
11731	⏎	⏎	Book.dinky
11732	stop⏎	stop⏎	Book.dinky
11733	end⏎	end⏎	Book.dinky
11734	안 돼!	No!	Ending.dinky
11735	몸이 안 좋아...	I don't feel well...	Ending.dinky
11736	바람 좀 쐬고 올게...	I'm going to get fresh air...	Ending.dinky
11737	오 안 돼... 다 기억나.	Oh no... it's all coming back.	Ending.dinky
11738	그러니까...	So...	Ending.dinky
11739	...이게 다 내 잘못인가 봐.	...I guess this is all my fault.	Ending.dinky
11740	내가 해킹한 세이브 파일에 버그가 있었나 봐.	It must have been a bug in my hacked savegame.	Ending.dinky
11741	난 너 같은 실력이 없어.	I don't have the same skills you do.	Ending.dinky
11742	누가 있겠어.	Who does.	Ending.dinky
11743	넌 이쪽 편까지 보면 안 됐는데...	You weren't supposed to see through to this side...	Ending.dinky
11744	...근데 이제 다 무너져 내린 것 같네.	...but I guess it's all come crashing down now.	Ending.dinky
11745	패치를 적용할 수 있는지 가보자...	Let's go see if we can apply a patch...	Ending.dinky
11746	...딱 맞는 게 하나 있을지도 몰라.	...I might know just the one.	Ending.dinky
11747	딜로리스: 팀블위드 니켈 포토저널리즘 팀에 합류해줘서 고마워요.⏎	Delores: Thanks for joining the Thimbleweed Nickel Photojournalism Team.⏎	Note.dinky
11748	이번 과제로, 다가오는 기사들을 위해 다음 사진들을 찍어와 주셨으면 해요:⏎⏎	For your assignment, I'd like you to get the following photos for some upcoming stories:⏎⏎	Note.dinky
11749	⏎추신: MMucasFlem 게임즈에서 휴가 나온 동안 도와줘서 고마워요.	⏎P.S. Thanks for helping out while you're on vacation from MMucasFlem Games.	Note.dinky
11750	독립기념일에 관한 기사	Story about the 4th of July	Note.dinky
11751	팀블위드 카운티에 관한 칼럼	Column about Thimbleweed County	Note.dinky
11752	아동 빈곤에 관한 기사	Story about childhood poverty	Note.dinky
11753	니켈 뉴스 편집장 사진	Photo of the editor of the Nickel News	Note.dinky
11754	위험한 야생동물의 액션 사진	Action photo of dangerous wildlife	Note.dinky
11755	팀블위드의 나쁜 식수 수질	Our bad Thimbleweed drinking water quality	Note.dinky
11756	역겨운 것	Something disgusting	Note.dinky
11757	토머스 제퍼슨 대통령에 관한 기사	Story about President Thomas Jefferson	Note.dinky
11758	고대의 사어(死語)들을 살펴보기	A look at the dead languages of antiquity	Note.dinky
11759	고양이와 함께 사는 유머에 관한 폭로 기사	Exposé on the humor of living with cats	Note.dinky
11760	공공기물 파손	Government property vandalism	Note.dinky
11761	에드먼드 호텔 폐업에 관한 기사	Piece on the closing of the Edmund Hotel	Note.dinky
11762	기절골의 좋은 예시	A good example of proximal phalanges	Note.dinky
11763	무례한 은행 직원들에 대한 신랄한 기사	Biting piece on rude bank employees	Note.dinky
11764	신작 어드벤처 게임 리뷰	Reviews of some new adventure games	Note.dinky
11765	쓰레기 줍기에 관한 공익 기사	Public service piece about picking up trash	Note.dinky
11766	팀블콘 '88 홍보성 기사	Puff-piece on ThimbleCon '88	Note.dinky
11767	마을을 조망하는 항공 사진	Birds-eye view of the town	Note.dinky
11768	우리의 신입 포토저널리스트 사진 찍기	Take a photo of our newest photojournalist	Note.dinky
11769	시(詩) 코너용 기사	Story for the poetry section	Note.dinky
11770	유명인 기사용 얼굴 사진	Headshot for a story on a celebrity	Note.dinky
11771	위험한 직업에 종사하는 사람의 사진	Photo of a person doing a dangerous job	Note.dinky
11772	주택 철거에 관한 기사	Story on home demolition	Note.dinky
11773	도로 안전에 관한 기사	Story about road safety	Note.dinky
11774	옛날 흑백 사진에 관한 기사	Article on old-timey black and white photos	Note.dinky
11775	전화기 역사를 저격하는 기사	A hit-piece on the history of the phone	Note.dinky
11776	작은 시계의 역사	History of tiny clocks	Note.dinky
11777	물체가 두 개로 보이는 것에 관한 기사	A story about seeing double	Note.dinky
11778	팀블위드의 도박 문제 폭로 기사	An exposé on Thimbleweed's gambling problem	Note.dinky
11779	최신 장난감 열풍에 관한 기사	Story about the latest toy craze	Note.dinky
11780	알레르기에 관한 기사	Story about allergies	Note.dinky
11781	이것들 진짜 소름 끼쳤는데. 꺼져서 다행이야.	These things were creepy. I'm glad they were deactivated.	CoronersOffice.dinky
11782	AI의 위험성에 대한 경고 역할을 해야 하는데.	They should serve as a warning about the dangers of AI.	CoronersOffice.dinky
11783	척 삼촌이 디지털화돼서 자기가 만든 AI 속으로 빨려 들어갔다는 게 생각하면 무섭네.	Scary to think about Uncle Chuck getting digitized and sucked into his AI creation.	CoronersOffice.dinky
11784	나랑 그 연방 요원 두 명이 삼촌을 꺼낼 수 있어서 다행이었어.	I'm glad me and those two federal agents were able to get him out.	CoronersOffice.dinky
11785	물론, 아마 남은 평생을 그 정신병원에서 보내겠지.	Of course, he will probably spend the rest of his life in that sanitarium.	CoronersOffice.dinky
11786	제때 도착 못 했으면 무슨 일이 일어났을지 생각만 해도 소름 끼쳐.	I shudder to think what would have happened if we hadn't gotten to him in time.	CoronersOffice.dinky
11787	트론 3000™ 기계들이 시체 안치소에 있는 것보다 더 소름 끼쳐.	The Tron 3000™ machines creep me out more than being in the morgue.	CoronersOffice.dinky
11788	그냥 서랍이네.	Just a drawer.	CoronersOffice.dinky
11789	그냥 보리스 살인 사건에 관한 이상한 검시관 보고서네.	Just the odd coroner report about the murder of Boris.	CoronersOffice.dinky
11790	일어날 수 없었던 일인데.	Which couldn't have happened.	CoronersOffice.dinky
11791	이상하다고? 작년에 보리스라는 사람이 살해된 것에 대한 부검 보고서가 있다고?	Weird? There is an autopsy report for a murder last year of someone named Boris?	CoronersOffice.dinky
11792	팀블위드 파크에서 20년 동안 살인 사건이 없었는데.	There hasn't been a murder in Thimbleweed Park for twenty years.	CoronersOffice.dinky
11793	그냥 오래된 검시관 파일들이네.	Just some old coroner files.	CoronersOffice.dinky
11794	오래된 파일이 엄청 많네.	Lots of old files.	CoronersOffice.dinky
11795	엉망으로 정리된 파일 뭉치네.	Bunch of badly organized files.	CoronersOffice.dinky
11796	해골이야!	It's a skeleton!	CoronersOffice.dinky
11797	쫄깃한 캐러멜 속.	Chewy Caramel Center.	CoronersOffice.dinky
11798	이상하다고? 검시관 학위를 우편 주문할 수 있는 줄 몰랐네.	Odd? I didn't know you could mail order for coroner degrees.	CoronersOffice.dinky
11799	문	door	CoronersOffice.dinky
11800	나가기	Leave	CoronersOffice.dinky
11801	검시관 사무실 나가기	Leave the Coroner's Office	CoronersOffice.dinky
11802	핑거트론 3000™	FingerTron 3000™	CoronersOffice.dinky
11803	그 핑거트론 3000™	the FingerTron 3000™	CoronersOffice.dinky
11804	블러드트론 3000™	BloodTron 3000™	CoronersOffice.dinky
11805	그 블러드트론 3000™	the BloodTron 3000™	CoronersOffice.dinky
11806	페이스트론 3000™	FaceTron 3000™	CoronersOffice.dinky
11807	그 페이스트론 3000™	the FaceTron 3000™	CoronersOffice.dinky
11808	해골	skeleton	CoronersOffice.dinky
11809	차트	chart	CoronersOffice.dinky
11810	증명서	certificate	CoronersOffice.dinky
11811	게임 일시정지	Game Paused	SystemHelpers.dinky
11812	본 적 없음	NEVER SEEN	VerbHelpers.dinky
11813	[가기]	Walk to	VerbHelpers.dinky
11814	[보기]	Look at	VerbHelpers.dinky
11815	[사용하기]	Use	VerbHelpers.dinky
11816	[들여다보기]	Look in	VerbHelpers.dinky
11817	[확인하기]	Check	VerbHelpers.dinky
11818	[보기]	Look at	VerbHelpers.dinky
11819	[조사하기]	Examine	VerbHelpers.dinky
11820	[나가기]	Leave	VerbHelpers.dinky
11821	[들어가기]	Enter	VerbHelpers.dinky
11822	[읽기]	Read	VerbHelpers.dinky
11823	[말하기]	Talk to	VerbHelpers.dinky
11824	[잠금 해제하기]	Unlock	VerbHelpers.dinky
11825	[차기]	Kick	VerbHelpers.dinky
11826	[열기]	Open	VerbHelpers.dinky
11827	[닫기]	Close	VerbHelpers.dinky
11828	[지렛대로 열기]	Pry open	VerbHelpers.dinky
11829	[줍기]	Pick up	VerbHelpers.dinky
11830	[가져가기]	Take	VerbHelpers.dinky
11831	[뒤집기]	Flip	VerbHelpers.dinky
11832	[다이얼 돌리기]	Dial	VerbHelpers.dinky
11833	[밀기]	Push	VerbHelpers.dinky
11834	[당기기]	Pull	VerbHelpers.dinky
11835	[아래로 당기기]	Pull down	VerbHelpers.dinky
11836	[오른쪽으로 밀기]	Push right	VerbHelpers.dinky
11837	[왼쪽으로 밀기]	Push left	VerbHelpers.dinky
11838	[켜기]	Turn on	VerbHelpers.dinky
11839	[끄기]	Turn off	VerbHelpers.dinky
11840	[오르기]	Climb	VerbHelpers.dinky
11841	[돌리기]	Spin	VerbHelpers.dinky
11842	[돌리기]	Turn	VerbHelpers.dinky
11843	[물 내리기]	Flush	VerbHelpers.dinky
11844	[냄새 맡기]	Smell	VerbHelpers.dinky
11845	[작동시키기]	Activate	VerbHelpers.dinky
11846	[마시기]	Drink	VerbHelpers.dinky
11847	[핥기]	Lick	VerbHelpers.dinky
11848	[먹기]	Eat	VerbHelpers.dinky
11849	[춤추기]	Dance	VerbHelpers.dinky
11850			VerbHelpers.dinky
11851	$NOUN1$에게 [주기]	Give to $NOUN1$	VerbHelpers.dinky
11852	$NOUN2$에게 [주기]	Give to $NOUN2$	VerbHelpers.dinky
11853	$NOUN2$에서 $NOUN1$ [태우기]	Burn $NOUN1$ in $NOUN2$	VerbHelpers.dinky
11854	$NOUN2$에 [떨어뜨리기]	Drop in $NOUN2$	VerbHelpers.dinky
11855	$NOUN2$ [채우기]	Fill $NOUN2$	VerbHelpers.dinky
11856	$NOUN1$에 $NOUN2$ [비우기]	Empty $NOUN2$ in $NOUN1$	VerbHelpers.dinky
11857	$NOUN2$ [사진 찍기]	Take photo of $NOUN2$	VerbHelpers.dinky
11858	$NOUN2$에 $NOUN1$ [놓기]	Put $NOUN1$ on $NOUN2$	VerbHelpers.dinky
11859	$NOUN2$로 $NOUN1$ [잠금 해제하기]	Unlock $NOUN1$ with $NOUN2$	VerbHelpers.dinky
11860	$NOUN2$로 $NOUN1$ [훼손하기]	Vandalize $NOUN1$ with $NOUN2$	VerbHelpers.dinky
11861	$NOUN1$로 $NOUN2$ [찌르기]	Jab $NOUN2$ with $NOUN1$	VerbHelpers.dinky
11862	$NOUN2$로 포스터 풀 [녹이기]	Dissolve poster glue with $NOUN2$	VerbHelpers.dinky
11863	$NOUN2$로 $NOUN1$ [느슨하게 하기]	Loosen $NOUN1$ with $NOUN2$	VerbHelpers.dinky
11864	$NOUN2$로 $NOUN1$ [조이기]	Tighten $NOUN1$ with $NOUN2$	VerbHelpers.dinky
11865	$NOUN1$에게 $NOUN2$ [보여주기]	Show $NOUN1$ the $NOUN2$	VerbHelpers.dinky
11866	$NOUN2$로 $NOUN1$ [긁어내기]	Scrape $NOUN1$ with $NOUN2$	VerbHelpers.dinky
11867	$NOUN2$에 $NOUN1$ [던져넣기]	Toss $NOUN1$ in $NOUN2$	VerbHelpers.dinky
11868	$NOUN2$로 $NOUN1$ [수리하기]	Repair $NOUN1$ with $NOUN2$	VerbHelpers.dinky
11869	저건 손이 안 닿아요.	I can't reach that.	ActorHelpers.dinky
11870	나탈리한테 주기엔 먼지가 부족한 것 같아.	I don't think this is enough dust for Natalie.	DustHelpers.dinky
11871	너무 어두워서 안 보여	It's too dark to see	DustHelpers.dinky
11872	먼지 한 톨이네.	It's a speck of dust.	DustHelpers.dinky
11873	너무 어두워서 안 보여.	It's too dark to see.	DustHelpers.dinky
11874	뭔가	something	DustHelpers.dinky
11875	먼지 한 톨	speck of dust	DustHelpers.dinky
11882	안녕하세요, 프로그래밍은 어디서 배우셨어요?	Hi, were did you learn to program?	Defines.dinky
11883	빈 컵 사진으론 부족해.	A photo of an empty glass isn't good enough.	Inventory.dinky
11884	오염된 물 한 컵이야!	It's a glass of polluted water!	Inventory.dinky
11885	빈 컵이네.	It's an empty glass.	Inventory.dinky
11886	그게 현명한 것 같진 않아.	I don't think that's smart.	Inventory.dinky
11887	냄새를 도저히 못 참겠어!	I can barely stand the smell!	Inventory.dinky
11888	좋은 생각이 아니야.	That's not a good idea.	Inventory.dinky
11889	좋아, 간다.	Ok, here goes.	Inventory.dinky
11890	*우웨엑*	*huurrrll*	Inventory.dinky
11891	*우게에엑*	*bleeeuuurrrggghh*	Inventory.dinky
11892	*우아아아악*	*raaaaaallllllllllffff*	Inventory.dinky
11893	*한숨*	*sigh*	Inventory.dinky
11894	이제 좀 나아졌어.	I feel better now.	Inventory.dinky
11895	빈 컵 사진으론 부족해.	A photo of an empty glass isn't good enough.	Inventory.dinky
11896	필름이 하나도 안 남았어! 나탈리한테 가봐야 할 것 같아.	I don't have any film left! Maybe I should go see Natalie.	Inventory.dinky
11897	플래시를 써도 사진 찍을 만큼 빛이 충분하지 않아.	Even with the flash, there isn't enough light to take a picture.	Inventory.dinky
11898	그들 사진은 이미 찍었어.	I already took a photo of them.	Inventory.dinky
11899	그건 이미 사진 찍었어.	I already took a photo of that.	Inventory.dinky
11900	좋은 사진인데!	That's a good shot!	Inventory.dinky
11901	나탈리가 이거 완전 좋아하겠다!	Natalie will love this one!	Inventory.dinky
11902	이거 기사에 완벽해!	This is perfect for the story!	Inventory.dinky
11903	이제 두 장밖에 안 남았어.	I only have two shots left.	Inventory.dinky
11904	이제 한 장밖에 안 남았어, 제대로 찍어야겠다.	I only have one shot left, I better make it count.	Inventory.dinky
11905	내 믿음직한 스냅트론3000™이네.	It's my trusting SnapTron3000™.	Inventory.dinky
11906	열 장 남았어.	I have ten shots left.	Inventory.dinky
11907	아홉 장 남았어.	I have nine shots left.	Inventory.dinky
11908	여덟 장 남았어.	I have eight shots left.	Inventory.dinky
11909	일곱 장 남았어.	I have seven shots left.	Inventory.dinky
11910	여섯 장 남았어.	I have six shots left.	Inventory.dinky
11911	다섯 장 남았어.	I have five shots left.	Inventory.dinky
11912	네 장 남았어.	I have four shots left.	Inventory.dinky
11913	세 장 남았어.	I have three shots left.	Inventory.dinky
11914	두 장 남았어.	I have two shots left.	Inventory.dinky
11915	한 장 남았어.	I have one shot left.	Inventory.dinky
11916	필름이 다 떨어졌어. 나탈리한테 가봐야 할 것 같아.	I'm out of film. Maybe I should go see Natalie.	Inventory.dinky
11917	^%s 사진이네.	^It's a photo of %s.	Inventory.dinky
11918	이건 잘 갖고 있어야겠다.	I'd better hold onto this one.	Inventory.dinky
11919	이건 잘 갖고 있어야겠다.	I'd better hold onto this one.	Inventory.dinky
11920	나탈리가 이거 원할 거야.	Natalie will want this one.	Inventory.dinky
11921	정말 좋은 사진이었어. 이건 보관할게.	This was a great shot. I'm keeping it.	Inventory.dinky
11922	여긴 너무 어두워서 읽을 수가 없어.	It's too dark to read in here.	Inventory.dinky
11923	이건 태우고 싶지 않아, 과제 끝내려면 필요해.	I don't want to burn this, I need it to complete my assignment.	Inventory.dinky
11924	레너드가 준 전기세 고지서네.	It's the electricity bill from Leonard.	Inventory.dinky
11925	부칠 준비 됐어.	Ready to mail.	Inventory.dinky
11926	우표가 필요해.	It needs stamps.	Inventory.dinky
11927	됐다! 다 부쳤어.	There! All mailed.	Inventory.dinky
11928	이건 우표 없으면 멀리 못 가.	This needs stamps or it's not getting far.	Inventory.dinky
11929	나탈리가 준 우표네.	It's some stamps from Natalie.	Inventory.dinky
11930	우표 붙였고 부칠 준비 됐어.	It's stamped and ready to mail.	Inventory.dinky
11931	페퍼민트! 맛있겠다!	Peppermint! Yum!	Inventory.dinky
11932	부랑자 냄새가 나네.	Smells like bum.	Inventory.dinky
11933	재활용해 주셔서 감사합니다! 보증금 5센트 돌려드릴게요.	Thanks for recycling! Here is your nickel deposit back.	Inventory.dinky
11934	왜 여기에 에이다 러브레이스 같은 멋진 사람 말고 대통령 얼굴을 넣었는지 모르겠어.	I wonder why they put presidents' heads on these and not cool people like Ada Lovelace.	Inventory.dinky
11935	이건 네 5센트야, 환경 정화를 도와서 번 거니까!	It's your nickel, you earned it by helping to clean up the environment!	Inventory.dinky
11936	여긴 너무 어두워서 읽을 수가 없어.	It's too dark to read in here.	Inventory.dinky
11937	큰 열쇠네.	It's a large key.	Inventory.dinky
11938	드라이버네.	It's a screwdriver.	Inventory.dinky
11939	너무 어두워서 안 보여.	It's too dark to see.	Inventory.dinky
11940	아야! '필립의 위험한 기계'가 살아난 것 같아.	Ouch! “Philipp's Dangerous Dövice” seems to have come alive.	Inventory.dinky
11941	아야!	Ouch!	Inventory.dinky
11942	아야! 내가 또 왜 그랬지!	Ouch! Why did I do that again!	Inventory.dinky
11943	아야! 왜 자꾸 이러는 거지?	Ouch! Why do I keep doing that?	Inventory.dinky
11944	아야! 아야! 아야!	Ouch! Ouch! Ouch!	Inventory.dinky
11945	철거 사진은 훨씬 더 극적이어야 해.	The demolition photo needs to be way more dramatic.	Inventory.dinky
11946	오늘 하루치 파괴는 충분히 한 것 같아.	I think I've caused enough destruction for one day.	Inventory.dinky
11947	장전 완료, 준비됐어!	Armed and ready to go!	Inventory.dinky
11948	이건 안 좋은 선택인 것 같아. 맨션 저택에서 자란 좋은 추억이 있는데.	I feel like this is a bad course of action. I had fond memories of growing up in the Mansion mansion.	Inventory.dinky
11949	배터리가 다 돼서 다행이야. 맨션 저택에서 자란 좋은 추억이 있으니까.	Good thing its batteries are dead. I have fond memories of growing up in the Mansion mansion.	Inventory.dinky
11950	오늘은 충분히 많이 터뜨린 것 같아.	I think I've blown up enough things for today.	Inventory.dinky
11951	좋아, 밑져야 본전이지. 작동시켜 볼게.	OK, here goes nothing. I'm going to activate it.	Inventory.dinky
11952	맨션 저택에서 자란 추억이 이렇게나 많이 연기로 사라지는구나.	That's a lot of growing up in the Mansion mansion memories up in smoke.	Inventory.dinky
11953	*흐윽*	*sob*	Inventory.dinky
11954	이제 은행 문제겠지 뭐.	I guess it's the bank's problem now.	Inventory.dinky
11955	흐음.	Hmmm.	Inventory.dinky
11956	전원이 들어와 있어.	It has power.	Inventory.dinky
11957	내가 뭘 잊고 있는 거지?	What am I forgetting?	Inventory.dinky
11958	충분히 가까이 안 간 건가?	Am I not close enough?	Inventory.dinky
11959	포기할래.	I give up.	Inventory.dinky
11960	배터리가 다 돼서 다행이야. 맨션 저택에서 자란 좋은 추억이 있으니까.	Good thing its batteries are dead. I have fond memories of growing up in the Mansion mansion.	Inventory.dinky
11961	30년 후엔 분명 수집품이 될 거야.	I'm sure it will be a collectible in 30 years.	Inventory.dinky
11962	확실히 새로운 장난감 유행은 아니야. 나 어릴 때도 있었는데.	Definitely not a new toy craze. I had one when I was a kid.	Inventory.dinky
11963	유명인 얼굴인데, 사탕 디스펜서로 쓰이는 게 좀 굴욕적이네. 더 나은 사진이 필요해.	It's a celebrity's head, but kind of demeaning being a candy dispenser. I need a better photo.	Inventory.dinky
11964	나 어릴 때 이거 진짜 좋아했었는데.	I sure loved these when I was a kid.	Inventory.dinky
11965	아야!! 내 이!	Ouch!! My tooth!	Inventory.dinky
11966	안 돼. 이 하나 부러진 걸로 충분해.	No way. One broken tooth is enough.	Inventory.dinky
11967	^먼지 %d톨	^%d specks of dust	Inventory.dinky
11968	^먼지 %d톨	^%d specks of dust	Inventory.dinky
11969	나탈리한테 주기엔 먼지가 부족한 것 같아.	I don't think this is enough dust for Natalie.	Inventory.dinky
11970	^아마 먼지 %d톨 정도 필요할 거야.	^She probably needs around %d specks of dust.	Inventory.dinky
11971	좋은 사진인데!	That's a good shot!	Inventory.dinky
11972	나탈리가 이거 완전 좋아하겠다!	Natalie will love this one!	Inventory.dinky
11973	이거 기사에 완벽해!	This is perfect for the story!	Inventory.dinky
11974	먼지 한 톨 있어.	I have 1 speck of dust.	Inventory.dinky
11975	^먼지 %d톨 있어.	^I have %d specks of dust.	Inventory.dinky
11976	오염된 물 한 컵	glass of polluted water	Inventory.dinky
11977	물 한 컵	glass of water	Inventory.dinky
11978	오염된 물 한 컵	a glass of polluted water	Inventory.dinky
11979	물 한 컵	a glass of water	Inventory.dinky
11980	카메라	camera	Inventory.dinky
11981	a	a	Inventory.dinky
11982	사진	photo	Inventory.dinky
11983	내 과제	my assignment	Inventory.dinky
11984	우표 붙은 전기세 고지서	electricity bill with stamps	Inventory.dinky
11985	전기세 고지서	electricity bill	Inventory.dinky
11986	우표	stamps	Inventory.dinky
11987	병	bottle	Inventory.dinky
11988	5센트	nickel	Inventory.dinky
11989	포트란 책	Fortran book	Inventory.dinky
11990	포트란 책	a Fortran book	Inventory.dinky
11991	열쇠	key	Inventory.dinky
11992	드라이버	screwdriver	Inventory.dinky
11993	'필립의 위험한 기계'	“Philipp's Dangerous Dövice”	Inventory.dinky
11994	팀블콘 포스터	ThimbleCon poster	Inventory.dinky
11995	사탕 디스펜서	candy dispenser	Inventory.dinky
11996	먼지 한 톨	speck of dust	Inventory.dinky
11997	먼지 한 톨	a speck of dust	Inventory.dinky
11998	안녕하세요.	Hi there	BLANK.yack
11999	아, 안녕하세요.	Hi back	BLANK.yack
12000	안녕하세요, 딜로리스 이모.	Hi Aunt Delores.	Chuckie.yack
12001	엄마가 우리 캠핑 간대요.	Lenore says we're going camping.	Chuckie.yack
12002	엄마가 언젠가 우리도 다시 돈이 생길 거래요.	Lenore says someday we'll have money again.	Chuckie.yack
12003	그거 좋네.	That's nice.	Chuckie.yack
12004	안녕하세요, 검시관님!	Hi Coroner!	Coroner.yack
12005	안녕하신가-어후, 딜로리스.	Hello-a-who Delores.	Coroner.yack
12006	언제부터 다 '어후'를 붙이기 시작하신 거예요?	When did you start adding 'a-who' after everything?	Coroner.yack
12007	저요! 방금 또 그러셨잖아요!	Right there! You just did it again!	Coroner.yack
12008	아무튼-어후.	Whatever-a-who.	Coroner.yack
12009	보안관님이랑 코미디 팀 결성하셔도 되겠어요.	You and the Sheriff should form a comedy team.	Coroner.yack
12010	팀블위드 파크에서 죽는 사람이 많진 않죠?	Not a lot of deaths in Thimbleweed Park, are there?	Coroner.yack
12011	보리스라는 사람이 살해당했다는 걸 어디서 읽은 것 같은데요?	Did I read about someone named Boris being murdered?	Coroner.yack
12012	보안관님이 자넬 보고 싶어 하시네요.	Sheriff wants to see you.	Coroner.yack
12013	보안관님이 또 자넬 보고 싶어 하시네요.	Sheriff wants to see you again.	Coroner.yack
12014	저 가봐야 해서... 안녕히 계세요.	Got to run... bye.	Coroner.yack
12015	딱히요.	Not really.	Coroner.yack
12016	제가 왜 아직도 이 일을 하고 있는지 모르겠네요-어후.	I'm not sure why I still have a job.	Coroner.yack
12017	무슨 말씀이신지 이해가 안 되네요-어후!	I don't understand-a-who what you're talking about!	Coroner.yack
12018	포름알데히드라도 마신 거예요? 제 말 믿고, 그냥 안 된다고-어후 하세요.	Have you been drinking formaldehyde? Trust me, just say-no-a-who.	Coroner.yack
12019	이봐요, '어후'는 제 거라고요-어후!	Hey, the 'a-who' bit is mine!	Coroner.yack
12020	하! 걸렸다!	Ha! Got ya!	Coroner.yack
12021	두 분이서 랜섬 더 클라운 오프닝 무대 서셔도 되겠어요.	You two could open for Ransome the Clown.	Coroner.yack
12022	그 얘기 그 사람한테 해볼게요-어후.	I'll talk to him-a-who about it.	Coroner.yack
12023	뇌 적출에 관한 아주 좋은 소재가 좀 있어요.	I have some great material about extracting a brain.	Coroner.yack
12024	그럴 것 같긴 하네요.	I bet you do.	Coroner.yack
12025	뭐라고요-어후!	What-a-who!	Coroner.yack
12026	그걸 어디서 읽으셨어요? 팀블위드 파크에서 살인 사건은 한 번도 없었고, 보리스라는 사람도 몰라요.	Where did you read that? We've never had a murder in Thimbleweed Park, and I don't know anyone named Boris.	Coroner.yack
12027	검시관님의 기밀 파일에서 읽었어요.	I read it in your confidential coroner files.	Coroner.yack
12028	그 쓰레기 같은 니켈 뉴스에서 읽었어요.	I read it in that trash-rag the Nickel News.	Coroner.yack
12029	온라인 BBS에서 읽었어요.	I read it on an on-line BBS.	Coroner.yack
12030	몰라요. 기억이 안 나요.	I don't know. I can't remember.	Coroner.yack
12031	정말요? 저요-어후? 신나네요.	Really? Me-a-who? That's exciting.	Coroner.yack
12032	안녕, 데이브.	Hi there, Dave.	Dave.yack
12033	안녕 딜로리스. 돌아온 거 환영해!	Hi Delores. Welcome back!	Dave.yack
12034	얘기 못 해. 바빠!	Can't talk. Busy!	Dave.yack
12035	안녕, 레노어.	Hi Lenore.	Lenore.yack
12036	여기서 뭐 하는 거야? 부랑자처럼 불타는 쓰레기통 옆에서 노닥거리고.	What are you doing here? Hanging out by a burning trash can like a bum.	Lenore.yack
12037	아, 그 잘난 척하는 말이랑 '난 너보다 훨씬 낫다'는 소리 좀 그만해.	Oh enough with the wise-cracks and “I'm so much better than you” remarks.	Lenore.yack
12038	너 놀리는 거 아니었어, 그건 진짜...	I wasn't mocking you, it was a real...	Lenore.yack
12039	이게 다 너 때문이야.	This is all your doing.	Lenore.yack
12040	뭐가 다 나 때문인데?	What is all my doing?	Lenore.yack
12041	우리 자매잖아, 친하게 지낼 수 없어?	We're sisters, can't we be friends?	Lenore.yack
12042	갑자기 스모어가 당기네.	I suddenly have a craving for s'mores.	Lenore.yack
12043	그 잘난 척 좀 그만해!	Enough with the wise-cracks!	Lenore.yack
12044	네가 척 삼촌을 컴퓨터에 그냥 놔뒀으면, 삼촌은 죽었을 거고 내가 유산을 받았을 텐데.	If you'd left Uncle Chuck in the computer, he would have died and I'd have gotten my inheritance.	Lenore.yack
12045	근데 아직 살아있고 정신병원에 있어서 법적으로 손 못 대.	But he's still alive and in a sanitarium and legally out-of-reach.	Lenore.yack
12046	너 맨션 저택에서 쫓겨난 거야?	You got evicted from the Mansion mansion?	Lenore.yack
12047	갈 데가 없는 거야?	You have no place to go?	Lenore.yack
12048	나랑 같이 지내는 건 어때?	You could bunk with me?	Lenore.yack
12049	은행 채용 공고 나온 사진이 있어.	I have a photo that shows a job opening at the bank.	Lenore.yack
12050	은행 채용 공고 나온 사진이 있어.	I have a photo that shows a job opening at the bank.	Lenore.yack
12051	은행에 일자리가 났어.	There is a job opening at the bank.	Lenore.yack
12052	일자리 구해본 적 있어?	Have you tried to get a job?	Lenore.yack
12053	너 꼬마 처키 좋아하는 줄 알았는데?	I thought you loved little Chuckie?	Lenore.yack
12054	날씨 좋네.	Nice weather.	Lenore.yack
12055	새 랜섬 쇼 봤어?	Seen the new Ransome show yet?	Lenore.yack
12056	또 보자, 언니.	See ya around, sis.	Lenore.yack
12057	꺼져.	Get lost.	Lenore.yack
12058	그래!	Yes!	Lenore.yack
12059	살인 시뮬레이터 만드느라 정신없지만 않았으면 알았을 텐데.	If you hadn't been so preoccupied with making murder simulators, you'd have known.	Lenore.yack
12060	은행이 에드먼드 맨션 저택을 압류해서 나랑 그 꼬맹이, 그리고 내 쓸모없는 남편 피터를 쫓아냈어.	The bank repossessed the Edmund Mansion mansion and evicted me and the little brat and my worthless husband Peter.	Lenore.yack
12061	이봐.	Hey.	Lenore.yack
12062	내가 챙길 수 있었던 건 그 도서관에 있던 형편없는 의자뿐이었어.	All I got to take was that crappy chair from the library.	Lenore.yack
12063	하나도 없어! 삼군 지역 상류층 사교 모임에서 전부 블랙리스트에 올랐다고.	None! I've been blacklisted by all the high society places in the tri-county area.	Lenore.yack
12064	척 삼촌 이름까지 따서 지었는데...	I named him after Uncle Chuck and everything...	Lenore.yack
12065	...그게 무슨 소용이었어?	...what good did it do?	Lenore.yack
12066	아무 소용없었어! 쫓겨났잖아!	Nothing! Evicted!	Lenore.yack
12067	그러시겠지! 나랑 네 너드 친구들이 다 같이 D&E나 하지 뭐.	Sure! Me and all your nerdy friends can play D&E together.	Lenore.yack
12068	우리 너드 아니야!	We're not nerds!	Lenore.yack
12069	그건 D&D야. 던전 앤 드래곤이라고.	It's called D&D. For Dungeons and Dragons.	Lenore.yack
12070	우리 너드 아니야!	We're not nerds!	Lenore.yack
12071	너 혼돈 악 캐릭터로 하는 거 아니야?	I'm thinking you play chaotic evil?	Lenore.yack
12072	우리 너드 아니야!	We're not nerds!	Lenore.yack
12073	나도 사랑해, 언니.	Love you too sis.	Lenore.yack
12074	은행 창구직원?	Bank teller?	Lenore.yack
12075	장난하는 거지! 명망 있는 팀블위드 에드먼드 가문 사람이 창구직원 일을 한다고?	You've got to be kidding! An Edmund from the prestigious Thimbleweed Edmunds taking a teller job?	Lenore.yack
12076	설령 그렇게까지 낮아진다 해도, 네 말은 못 믿겠어.	Even if I was to stoop that low, I don't believe you.	Lenore.yack
12077	뭐 어떻게!?!	Like what!?!	Lenore.yack
12078	바리스타. 그게 대세가 될 거라던데.	Barista. I hear it's going to be big.	Lenore.yack
12079	나사 우주왕복선 임무 전문가는?	NASA Space Shuttle mission specialist?	Lenore.yack
12080	거리의 여자는?	Streetwalker?	Lenore.yack
12081	S&D 다이너 주말 웨이트리스는?	Weekend waitress at the S&D Diner?	Lenore.yack
12082	은행 창구직원은?	Bank teller?	Lenore.yack
12083	랜섬 더 클라운 쇼 티켓 받는 사람.	Ransome the Clown show ticket taker.	Lenore.yack
12084	그래, 그거 흥미롭긴 한데...	Yeah, that's an interesting...	Lenore.yack
12085	전혀 아니거든!	NO IT'S NOT!	Lenore.yack
12086	에드먼드 가문은 일 안 해!	Edmunds don't work!	Lenore.yack
12087	그래서 네가 가문 이름에 먹칠하는 거야.	That's why you're such a disgrace to the family name.	Lenore.yack
12088	뭐? 나한테 채용 공고를 보여준다고? 내가 일자리가 필요하다고 생각하는 거야! 평범한 사람처럼!	What?  You're showing me a job opening? You think I need a job! Like a common person!	Lenore.yack
12089	음... 그게... 그래... 나... 나... 한번 들러볼지도...	Well... I never... Yeah... I'll... I... I might stop by...	Lenore.yack
12090	채용 공고라고? 음... 그게... 그래... 나... 나... 한번 들러볼지도...	A job opening? Well... I never... Yeah... I'll... I... I might stop by...	Lenore.yack
12091	그래, 그거 이미 보여줬잖아! 생각해볼게.	Yeah, you already showed me that! I'll think about it.	Lenore.yack
12092	흥미롭네... 그래... 아마 나... 아니... 나... 한번 들러볼지도... 아마도.	Interesting... Yeah... Maybe I'll... No... I... I might stop by... Might.	Lenore.yack
12093	그래, 그거 이미 말했잖아! 생각해볼게.	Yeah, you already said that! I'll think about it.	Lenore.yack
12094	어머! 최고야!	Oh my! It is the best!	Lenore.yack
12095	랜섬 보는 게 내 인생에 남은 유일한 낙이야.	Seeing Ransome is the only joy left in my life.	Lenore.yack
12096	안녕, 레노어.	Hi Lenore.	Lenore.yack
12097	새 일자리 축하해!	Congrats on the new job!	Lenore.yack
12098	쉬이잇... 내 이름 크게 말하지 마. 누가 들을지도 몰라.	Shhhhh... don't say my name out loud. Someone might hear.	Lenore.yack
12099	들었는데.	I hear.	Lenore.yack
12100	내 은행 잔액 좀 확인해줄 수 있어?	Can you check my bank balance?	Lenore.yack
12101	내 은행 잔액 다시 좀 확인해줄 수 있어?	Can you check my bank balance again?	Lenore.yack
12102	날씨 좋네.	Nice weather.	Lenore.yack
12103	그러니까...	So...	Lenore.yack
12104	처키는 잘 있어?	How is Chuckie?	Lenore.yack
12105	안녕, 고마워.	Goodbye and thanks.	Lenore.yack
12106	어디 보자...	Let me see...	Lenore.yack
12107	네 잔액은...	You have...	Lenore.yack
12108	하나도 없어!	NOTHING!	Lenore.yack
12109	땡전 한 푼도!	Zip squat!	Lenore.yack
12110	0달러 0센트.	Zero dollars and zero cents.	Lenore.yack
12111	제로야!	Nada!	Lenore.yack
12112	완전 0.00달러.	A big zero point zero zero dollars.	Lenore.yack
12113	이제 신경도 안 써.	Like I care anymore.	Lenore.yack
12114	뭐가 됐든...	About anything...	Lenore.yack
12115	맨션 저택에 대해 좋은 소식이랑 나쁜 소식이 있는데... 됐다.	Good and bad news about the Mansion mansion... never mind.	Lenore.yack
12116	누가 신경 쓴대.	Who cares.	Lenore.yack
12117	꺼져.	Get lost.	Lenore.yack
12118	웬일이야 D!	What's up D!	Leonard.yack
12119	웬일이야 딜로리스!	What's up Delores!	Leonard.yack
12120	그 편지 부쳐줘서 고마워.	Thanks for mailing that letter.	Leonard.yack
12121	나 D라고 부르지 마.	Don't call me D.	Leonard.yack
12122	안녕 레너드.	Hey Leonard.	Leonard.yack
12123	화장실 조명 스위치가 안 돼.	Bathroom light switch doesn't work.	Leonard.yack
12124	화장실 조명 스위치 아직도 안 돼.	Bathroom light switch still doesn't work.	Leonard.yack
12125	또 보자!	See ya!	Leonard.yack
12126	그래, 알겠어 D... 아니 딜로리스.	OK, sure thing D... I mean Delores.	Leonard.yack
12127	너도 안녕!	Hey back at ya!	Leonard.yack
12128	어. 그거 말인데.	Yeah. About that.	Leonard.yack
12129	관리사무소에서 전기세를 깜빡하고 안 냈어, 그래서 화장실 전기가 끊겼어.	Management forgot to pay the power bill, so they cut power to the bathroom.	Leonard.yack
12130	빨리 안 내면 건물 전체가 정전될 거야, 진짜.	If it doesn't get paid soon, the whole building will lose power, man.	Leonard.yack
12131	관리사무소가 깜빡한 거야, 아니면 네가 납부서 부치는 걸 깜빡한 거야?	Did management forget, or did you forget to mail the payment?	Leonard.yack
12132	지금 남 탓할 때가 아닌 것 같은데!	I don't think this is the time to be pointing fingers!	Leonard.yack
12133	여기 납부서야, 우체통에 좀 넣어줄 수 있어... 아니, 관리사무소를 위해서?	Here is the payment, can you drop it in a mailbox for me... I mean management?	Leonard.yack
12134	그래.	Sure.	Leonard.yack
12135	내가 준 전기세 고지서, 관리사무소가 깜빡하고 안 냈대.	Management forgot to pay the power bill I gave you.	Leonard.yack
12136	빨리 안 내면 건물 전체가 정전될 거야, 진짜.	If it doesn't get paid soon, the whole building will lose power, man.	Leonard.yack
12137	그 납부서 우체통에 좀 넣어줄 수 있어... 아니, 관리사무소를 위해서?	Can you drop the payment in a mailbox for me... I mean management?	Leonard.yack
12138	그래.	Sure.	Leonard.yack
12139	안녕하세요, 마담 모레나.	Hello Madame Morena.	Morena.yack
12140	요즘 어떻게 지내세요?	How have things been?	Morena.yack
12141	도롱뇽 눈 같은 거 있어요?	Got any eye-of-newt?	Morena.yack
12142	네, 보여요.	Yes, I see.	Morena.yack
12143	네, 정말 보여요.	Yes, I really see.	Morena.yack
12144	정말정말 보여요!	I really really see!	Morena.yack
12145	볼 수 있어요!	I can see!	Morena.yack
12146	하지만 전 볼 수 있어요.	But I can see.	Morena.yack
12147	네 알았어요, 안 보여요.	Ok fine, I can't see.	Morena.yack
12148	*한숨*	*sigh*	Morena.yack
12149	서커스가 버려졌다는 얘기 들으셨어요?	Have you heard about the circus being abandoned? 	Morena.yack
12150	랜섬 더 클라운 최신 쇼 보셨어요?	Seen Ransome the Clown's latest show yet?	Morena.yack
12151	뭐 이상한 거 눈치채신 거 있어요?	You noticed anything odd?	Morena.yack
12152	앞에 표지판 보니까 완전 폭탄 세일 하시던데요.	Sign out front says you're having a blow-out sale.	Morena.yack
12153	또 봐요!	See ya!	Morena.yack
12154	딜로리스, 오랜만에 보네요.	Been a while since I've seen you around, Delores.	Morena.yack
12155	게임 디자이너 일 때문에 꽤 바빴어요.	That game designer job has kept me pretty busy.	Morena.yack
12156	크런치 끝나고 휴가 나와서, 나탈리 도와주고 있어요.	I'm on my post-crunch vacation, helping Natalie out.	Morena.yack
12157	그럼요! 지금까지 중 최고의 쇼예요. 매주 가고 있어요.	Yes! It's his best show yet. I go every week.	Morena.yack
12158	떠나기 전에 볼 수 있으면 좋겠네요.	I hope to see it before I leave.	Morena.yack
12159	아무것도요...	Nothing...	Morena.yack
12160	...그리고 그냥 내버려 두는 게 좋을 거예요, 얘야.	...And you should leave well enough alone my dear.	Morena.yack
12161	그런 생각의 길 끝엔 불행뿐이에요.	Only misery lies down that path of thought.	Morena.yack
12162	게다가, 매주 랜섬을 안 보면 어떻게 살아야 할지 모르겠어요!	Besides, I don't know what I'd do without my weekly hit of Ransome!	Morena.yack
12163	에이, 설마요!	Please!	Morena.yack
12164	도롱뇽 눈이라니 완전 만화책 뒷장에나 나오는 거잖아요!	Eye of Newt is right out of the back of comic books!	Morena.yack
12165	진짜 마법이 아니잖아요.	It's not real magic.	Morena.yack
12166	보여요.	I see.	Morena.yack
12167	당신은 보여요?	Do you see?	Morena.yack
12168	정말 보여요?	Do you really see?	Morena.yack
12169	정말정말 보여요?	Do you really really see?	Morena.yack
12170	안 보이시는 것 같은데요.	I don't think you see.	Morena.yack
12171	볼 수 있으면 좋을 텐데요.	I wish you could see.	Morena.yack
12172	못 보시는 것 같아요.	I don't think you can see.	Morena.yack
12173	말했잖아요, 못 보신다고.	I told you, you can't see.	Morena.yack
12174	지난 하루 동안 현실의 결에 이상한 파문이 이는 걸 느꼈어요.	In the last day I've noticed some odd ripples in the fabric of reality.	Morena.yack
12175	그 헛소리를 믿는다면, 무섭게 들리겠네요.	If I believed that mumbo-jumbo, that would sound scary.	Morena.yack
12176	믿어요!	BELIEVE!	Morena.yack
12177	무서운 힘이 작용하고 있어요.	Scary forces are at work.	Morena.yack
12178	수년 전에 균열이 하나 생겼는데, 며칠 전까지 아무도 눈치채지 못했어요.	Many years ago, there was a tear that has gone unnoticed until a few days ago.	Morena.yack
12179	당신이 연관돼 있을까 봐 두려워요.	I fear you might be connected.	Morena.yack
12180	진정 좀 하세요.	Take a chill-pill.	Morena.yack
12181	그리고 입 냄새 방지 민트도 좀 드시고요.	And maybe some breath mints.	Morena.yack
12182	포트란 관련 책 있어요?	Got any books on Fortran?	Morena.yack
12183	제일 위쪽에 하나 있을지도 몰라요.	Might be one at the very top.	Morena.yack
12184	찾으면 가져가도 돼요.	If you find it, you can take it.	Morena.yack
12185	우리한테 필요한 사어(死語) 책은 고대 캡시판어뿐이에요.	The only dead languages we need books on is ancient capsipan.	Morena.yack
12186	새 일이 너무 기대돼!	I'm excited about my new job!	Natalie.yack
12187	나탈리가 날 니켈 뉴스 사진기자로 고용했어.	Natalie has hired me to be the Nickel News photographer.	Natalie.yack
12188	빨리 시작하고 싶어!	I can't wait to get started!	Natalie.yack
12189	니켈 뉴스 사진기자로서 또 신나는 과제네!	Another exciting assignment as the Nickel News photographer!	Natalie.yack
12190	나탈리가 이번엔 또 뭘 시킬까?	I wonder what Natalie has for me now?	Natalie.yack
12191	어머, 오늘 아침 완전 의욕 넘치네.	My, aren't we the eager beaver this morning.	Natalie.yack
12192	빨리 시작하고 싶어!	I'm excited to get started!	Natalie.yack
12193	게임 만드는 것에서 벗어나 좋은 창작 휴식이 될 거야.	It will be a nice creative break from making games.	Natalie.yack
12194	사실 아침도 아니잖아, 이제 막 오후 5시 지났는데.	It's not really the morning, it's just after 5pm.	Natalie.yack
12195	흥미롭네.	Interesting.	Natalie.yack
12196	다가오는 팀블위드 니켈 호에 실을 기사 여러 개를 작업 중인데, 사진이 필요해.	I'm working on several stories for upcoming editions of the Thimbleweed Nickel, and we need photographs.	Natalie.yack
12197	목록 만들어놨고, 카메라는 문 옆 서류함 안에 있어.	I've made a list for you, and the camera is in the file cabinet by the door.	Natalie.yack
12198	필요한 거 있으면 말해. 필름 더 필요하거나, 사무용품이나, 퇴직연금 정보 같은 거.	Let me know if you need anything. More film, office supplies, info on your 401k.	Natalie.yack
12199	사진기자로서 첫날, 행운을 빌어.	Good luck on your first day as a photojournalist.	Natalie.yack
12200	사진기자라니! 뭔가 중요한 일처럼 들리는데!	Photojournalist! That makes it sound important!	Natalie.yack
12201	^MMucasFlem 게임 개발자 일로 돌아가기 전에 사진 %d장을 더 제출해야 해.	^You need to turn in %d more photos before returning to your game developer job at MMucasFlem.	Natalie.yack
12202	카메라부터 찾아서 목록 확인하고 시작해야겠다.	I better find that camera, take a look at the list, and get cracking.	Natalie.yack
12203	그 사진들 아직 작업 중이야.	Still working on those photos.	Natalie.yack
12204	카메라 어디 있다고 했지?	Where did you say the camera was again?	Natalie.yack
12205	과제 다 끝난 것 같아.	I think I'm done with the assignment.	Natalie.yack
12206	필름 좀 더 받을 수 있어?	Can I get some more film?	Natalie.yack
12207	지금까지 한 거 볼래?	Want to see my work so far?	Natalie.yack
12208	이 과제 얼마나 걸려?	How long will this assignment last?	Natalie.yack
12209	사무용품 좀 받을 수 있어?	Can I get some office supplies?	Natalie.yack
12210	내 퇴직연금에 대해 뭐 알려줄 거 있어?	What can you tell me about my 401k?	Natalie.yack
12211	됐어... 안녕.	Never mind... bye.	Natalie.yack
12212	문 옆 서류함 안을 봐봐.	Look in the filing cabinet by the door.	Natalie.yack
12213	원본 사진 1장을 더 제출해야 해.	You need to turn in 1 more original photo.	Natalie.yack
12214	^원본 사진 %d장을 더 제출해야 해.	^You need to turn in %d more original photos.	Natalie.yack
12215	그럼 다시 MMucasFlem에서 게임 만들러 가야지.	Then it's back to making games at MMucasFlem for me.	Natalie.yack
12216	충분히 있는 것 같은데.	Looks like you've got plenty.	Natalie.yack
12217	여기 몇 개 더.	Here is a couple more.	Natalie.yack
12218	클립이 좀 필요해!	I need some paper clips!	Natalie.yack
12219	마닐라 폴더가 좀 필요해.	I need some manila folders.	Natalie.yack
12220	우표가 좀 필요해.	I need some stamps.	Natalie.yack
12221	2호 연필이 좀 필요해.	I need some no. 2 pencils.	Natalie.yack
12222	수정액이 좀 필요해.	I need some whiteout.	Natalie.yack
12223	미안, 사실 지금은 딱히 필요한 게 없어.	Sorry, I actually don't need anything right now.	Natalie.yack
12224	부쳐야 할 편지가 있어. 내 과제에 중요할 수도 있고.	I have a letter that needs mailing. Might be important to my assignment.	Natalie.yack
12225	알겠어.	Okay.	Natalie.yack
12226	기자로서 은퇴하는 가장 좋은 길은 다른 직업을 구하는 거야.	Best path to retirement as a journalist is to get another job.	Natalie.yack
12227	게임 개발이랑 좀 비슷하네.	Kind of like game development.	Natalie.yack
12228	아니 안 그래.	No you don't.	Natalie.yack
12229	이거 완전 좋은데!	These look great!	Natalie.yack
12230	프로토타입은 이제 끝났어.	The prototype is now over.	Natalie.yack
12231	월급 오르는 거야?	Do I get a raise?	Natalie.yack
12232	승진하는 거야?	Do I get a promotion?	Natalie.yack
12233	계속 여기저기 돌아다닐 수 있는 거야?	Do I get to keep wandering around?	Natalie.yack
12234	게임 그만둘 수 있어?	Can I quit the game?	Natalie.yack
12235	아니.	Nope.	Natalie.yack
12236	알겠어.	Ok.	Natalie.yack
12237	다시 플레이하면 찍을 사진 더 줄게.	Play again and I'll have more photos for you to take.	Natalie.yack
12238	이제 여기서 할 일은 다 끝난 것 같아, 딜로리스.	I think you're done here, Delores.	Natalie.yack
12239	그나저나...	By the way...	Natalie.yack
12240	다리 밑에서 발견된 시체에 대해 뭐 아는 거 있어?	Do you know anything about the body they found under the bridge?	Natalie.yack
12241	마감이 있으니까, 딴짓하지 말고.	We've got a deadline, so no dilly-dallying.	Natalie.yack
12242	S&D 다이너에 오신 걸 환영해요, 딜로리스!	Welcome to the S&D Diner, Delores!	Sandy.yack
12243	여기서 본 지 오래됐네요.	Long time since I've seen you here.	Sandy.yack
12244	지금은 얘기 못 해요, 주방이 완전 난리예요!	Can't talk right now, things are crazy in the kitchen!	Sandy.yack
12245	돌아온 거 환영해요, 딜로리스!	Welcome back, Delores!	Sandy.yack
12246	뭘 도와드릴까요?	What can I do for ya?	Sandy.yack
12247	요즘 어떻게 지내요, 샌디?	How has life been treating you, Sandy?	Sandy.yack
12248	요즘 랜섬 본 적 있어요?	You seen Ransome lately?	Sandy.yack
12249	배고파 죽겠어요. 오늘 특선 메뉴는 뭐예요?	I'm starving. What are your specials today?	Sandy.yack
12250	또 봐요!	See ya!	Sandy.yack
12251	잘 지내죠. 데이브랑 저는 막 세 번째 신혼여행에서 돌아왔어요.	Can't complain. Dave and I just came back from our third honeymoon.	Sandy.yack
12252	나 얘기하는 거야?	You talking about me?	Sandy.yack
12253	응, 자기야, 당신 말고 누구 얘기하겠어?	Yes, snuggle cakes, who else would I be talking about?	Sandy.yack
12254	아, 내 사랑.	Ah, love muffin.	Sandy.yack
12255	데이브랑 저는 데이트하는 날마다 매주 토요일 그 사람 쇼를 봐요.	Dave and I see his show every Saturday on our date-night.	Sandy.yack
12256	한 번도 안 웃긴 적이 없어요. 정말 좋은 사람이에요.	He never fails to make us laugh. Such a good guy.	Sandy.yack
12257	메뉴판에 다 있어요, 뭐 드실래요?	Everything is on the menu board, what do you want?	Sandy.yack
12258	고베 소고기 핫도그 주세요.	I'll have a Kobe beef hot dog.	Sandy.yack
12259	스위스 돼지고기 핫도그 주세요.	I'll have a Swiss pork hot dog.	Sandy.yack
12260	허브 치킨 핫도그 주세요.	I'll have a herb and chicken hot dog.	Sandy.yack
12261	프렌치 머스터드 케일 베지도그 주세요.	I'll have a French mustard and kale veggie dog.	Sandy.yack
12262	야생 버섯 곁들인 기니 치킨 소테 주세요.	I'll have the Guinea chicken sauté with wild mushrooms.	Sandy.yack
12263	처트니 소스 곁들인 케일 샐러드 주세요.	I'll have the kale salad with chutney sauce.	Sandy.yack
12264	타르타르 소스 곁들인 개구리 다리 튀김 주세요.	I'll have the fried frogs' legs, sauce tartare.	Sandy.yack
12265	체리 파이 주세요.	I'll have the cherry pie.	Sandy.yack
12266	잘게 부순 얼음 넣은 물 한 잔 주세요.	I'll have the glass of water with chipped ice.	Sandy.yack
12267	마음이 바뀌었어요. 배 안 고파요.	I changed my mind. I'm not hungry.	Sandy.yack
12268	죄송해요, 방금 그릴에 올렸어요. 아직 안전하게 먹을 온도까지 안 됐어요.	Sorry, I just put those on the grill. They haven't come up to the proper safe eating temperature yet.	Sandy.yack
12269	죄송해요, 오늘 채집한 버섯이 독버섯 종류인 것 같아요.	Sorry, the mushrooms I gathered today look to be of the poisonous variety.	Sandy.yack
12270	죄송해요, 메뉴판 업데이트를 깜빡했네요. 케일이 다 떨어졌어요...	Sorry, forgot to update the board. We're all out of kale...	Sandy.yack
12271	...처트니도요.	...and chutney.	Sandy.yack
12272	안 되겠어요, 오늘 아침에 개구리 잡으러 가는 걸 깜빡했어요.	No can do, I forgot to go frog hunting this morning.	Sandy.yack
12273	죄송해요, 키 큰 남자분이 방금 마지막 조각을 커피 한 잔이랑 같이 드셨어요.	Sorry, some tall guy just ate the last slice with a cup of joe.	Sandy.yack
12274	그럼요! 금방 가져다드릴게요.	Sure thing! Coming right up.	Sandy.yack
12275	여기 있어요.	Here you go.	Sandy.yack
12276	저희 고급 정수로 채웠어요. 그리고 이 컵은 프로모션으로 가지셔도 돼요.	Filled with our fancy filtered water. And you can keep the glass as part of our promotion.	Sandy.yack
12277	고마워요! 잠시만요.	Thanks! Excuse me.	Sandy.yack
12278	진짜 목말랐나 봐!	I guess I was really thirsty!	Sandy.yack
12279	다음에 봐요, 딜로리스.	Later, Delores.	Sandy.yack
12280	얘기할-아레노 기분 아니니까, 그냥 좀 내버려 둬!	I'm not in a talking-a-reno mood, just let me out!	Sheriff.yack
12281	안녕하세요 보안관님!	Hi Sheriff!	Sheriff.yack
12282	안녕하신가-레노, 딜로리스.	Hello-a-reno Delores.	Sheriff.yack
12283	언제부터 다 '아레노'를 붙이기 시작하신 거예요?	When did you start adding 'a-reno' after everything?	Sheriff.yack
12284	방금요! 또 그러셨잖아요!	Just then! You did it again!	Sheriff.yack
12285	아무튼-레노.	Whatever-a-reno.	Sheriff.yack
12286	팀블위드 파크에 범죄가 많진 않죠?	Not a lot of crime in Thimbleweed Park, is there?	Sheriff.yack
12287	서커스가 버려졌다는 게 무슨 얘기예요?	What's that I read about the circus being abandoned?	Sheriff.yack
12288	저 연방 요원이 될까 생각 중이었는데...	I was thinking about becoming a federal agent...	Sheriff.yack
12289	저 가봐야 해서... 안녕히 계세요.	Got to run... bye.	Sheriff.yack
12290	딱히.	Not really.	Sheriff.yack
12291	새로운 부랑자 가족이 A 스트리트에서 지내고 있다네.	A new vagrant family has been hanging out on A Street.	Sheriff.yack
12292	딱히 문제 일으키는 것도 없어서-레노, 그냥 내버려 두고 있어.	They haven't been causing any trouble-a-reno, so I leave them be.	Sheriff.yack
12293	아마 힘든 시기를 겪고 있나 보네요.	Probably fell on hard times.	Sheriff.yack
12294	아니면 완전 거만한 인간이라 당해도 싸거나.	Or she is a complete pompous jerk and deserves everything she gets.	Sheriff.yack
12295	뭘 물어보는지 이해가 안 되는데-레노?	I don't understand-a-reno what you're asking?	Sheriff.yack
12296	약이라도 하신 거예요-레노? 그냥 노(No)라고 하세요-레노.	Are you on drugs-a-reno? Just say no-a-reno.	Sheriff.yack
12297	이봐, '아레노' 개그는 내 거야-레노!	Hey, the 'a-reno' gag is mine!	Sheriff.yack
12298	하! 걸렸다!	Ha! Got ya!	Sheriff.yack
12299	뭐라고-레노!	What-a-reno!	Sheriff.yack
12300	랜섬은 몇 년 전에 그 욕설 개그를 그만둔 뒤로 그 어느 때보다 인기 많아.	Ransome's more popular than ever since he dropped the insult bit many years ago.	Sheriff.yack
12301	그거 어디서 읽었나?	Where did you read that?	Sheriff.yack
12302	보안관님의 기밀 경찰 파일에서 읽었어요.	I read it in your confidential police files.	Sheriff.yack
12303	그 쓰레기 같은 니켈 뉴스에서 읽었어요.	I read it in that trash-rag the Nickel News.	Sheriff.yack
12304	온라인 BBS에서 읽었어요.	I read it on an on-line BBS.	Sheriff.yack
12305	몰라요. 기억이 안 나요.	I don't know. I can't remember.	Sheriff.yack
12306	만나본 적 있어요?	Ever met one?	Sheriff.yack
12307	만나봤다고는 말 못 하겠는데-레노.	Can't say-a-reno that I ever have.	Sheriff.yack
12308	그냥 연방 요원 나오는 게임이나 만들까 봐요.	Maybe I'll just make a game that has a federal agent in it.	Sheriff.yack
12309	그게 더 쉽겠구먼.	Sounds easier.	Sheriff.yack
12310	아...	Oh...	Sheriff.yack
12311	검시관 좀 불러다 줄 수 있겠나-레노?	Can you go get the Coroner-a-reno for me?	Sheriff.yack
12312	그럼요, 검시관님 모셔올게요.	Sure, I'll go get the Coroner for you.	Sheriff.yack
12313	알겠네-레노, 검시관한테 자네 보러 오라고 전해두지.	Right-a-reno, I'll let the Coroner know to come see you.	Sheriff.yack
12314	안녕, 윌리.	Hi Willie.	Willie.yack
12315	안녕, 딜로리스.	Hello Delores.	Willie.yack
12316	늦게까지 여네.	You're closing up late.	Willie.yack
12317	장사는 좀 어때?	How's business?	Willie.yack
12318	완전 대박이지.	Business is booming.	Willie.yack
12319	미안한데 얘기 못 해, 집에 가야 돼.	Sorry I can't talk, I've got to get home.	Willie.yack
12320	오늘 내가 저녁 할 차례야.	It's my night to cook dinner.	Willie.yack
12321	옵션-레노	Options-a-reno	Options.dinky
12322	호버 삐 소리	Hover beep	Options.dinky
12323	호버 팝 효과	Hover pop	Options.dinky
12324	전체화면	Fullscreen	Options.dinky
12325	작은 글꼴	Small font	Options.dinky
12326	음악 %d%%	Music %d%%	Options.dinky
12327	효과음 %d%%	Sound %d%%	Options.dinky
12328	텍스트 속도: %s	Text speed: %s	Options.dinky
12329	모든 진행 상황 삭제 후 종료	Delete all progress and quit	Options.dinky
12330	사진 %d/%d장을 제출했습니다	You've handed in %d out of %d photos	Options.dinky
12331	확인	Ok	Options.dinky
12332	도움말	Help	Options.dinky
12333	종료	Quit	Options.dinky
12334	정말로 모든 진행 상황을 삭제하고 종료하시겠습니까?	Are you sure you want to delete ALL progress and quit?	Options.dinky
12335	삭제	DELETE	Options.dinky
12336	취소	Cancel	Options.dinky
12337	도움말!	Help!	Options.dinky
12338	● 왼쪽 클릭으로 커서에 표시된 명령을 실행합니다.	● Left-click to do what the cursor sentence says.	Options.dinky
12339	● 오른쪽 클릭으로 더 많은 동사를 표시합니다.	● Right-click to show more verbs.	Options.dinky
12340	● 인벤토리를 다른 인벤토리나 방 안의 물건 위로 드래그하세요.	● Drag inventory onto other inventory or room objects.	Options.dinky
12341	● 드래그할 때 문장이 나타나지 않으면	● When dragging, if no sentence appears, they can't	Options.dinky
12342	  함께 사용할 수 없는 겁니다.	  be used together.	Options.dinky
12343	● 카메라를 드래그해서 사진을 찍으세요.	● Drag Camera to take pictures.	Options.dinky
12344	● #{FFFF00}i#{} 키로 인벤토리를 표시/숨깁니다.	● Use #{FFFF00}i#{} to show/hide inventory.	Options.dinky
12345	● #{FFFF00}o#{} 키로 옵션을 표시/숨깁니다.	● Use #{FFFF00}o#{} to show/hide options.	Options.dinky
12346	● #{FFFF00}.#{} 키로 대화를 건너뜁니다.	● Use #{FFFF00}.#{} to skip dialog.	Options.dinky
12347	● #{FFFF00}ctrl-Q/cmd-Q#{}로 종료합니다.	● Use #{FFFF00}ctrl-Q/cmd-Q#{} to quit.	Options.dinky
12348	확인	Ok	Options.dinky
12349	지금 종료하면 이 사진 다섯 장의 진행 상황을 잃게 됩니다. 종료할까요?	Quit now and lose progress on these five photographs?	Options.dinky
12350	아니요!	NO!	Options.dinky
12351	종료	Quit	Options.dinky
12352	the	the	DefineActors.dinky
12353	the	the	DefineActors.dinky
12354	a	a	CoronersOffice.dinky
12355	아빠가 또 늦게까지 일하시나 보네.	Looks like Dad is working late again.	Vista.dinky
12356	일하는 레노어	Lenore working	DefineActors.dinky
12357	레노어	Lenore	DefineActors.dinky
12358	랜섬 더 클라운 포스터	Ransome the Clown poster	Alleyway.dinky
12359	물이 흐르는 수도꼭지	a faucet with running water	Bathroom.dinky
12360	물이 흐르는 세면대	a sink with running water	Bathroom.dinky
12361	수도꼭지	a faucet	Bathroom.dinky
12362	세면대	a sink	Bathroom.dinky
12363	데이브	Dave	Diner.dinky
12364	데이브	Dave	Diner.dinky
12365	데이브와 불덩이들	Dave and the fireballs	Diner.dinky
12366	신문 헤드라인	a newspaper headline	Nickel.dinky
12367	저 사람은 확실히 전직 대통령은 아니야.	He's definitely not an ex-president.	CityHall.dinky
12368	a	a	Nickel.dinky
12369	a	a	Nickel.dinky
12370	a	a	Nickel.dinky
12371	a	a	Nickel.dinky
12372	a	a	MainStreet.dinky
12373	a	a	MainStreet.dinky
12374	a	a	MainStreet.dinky
12375	a	a	MainStreet.dinky
12376	a	a	MainStreet.dinky
12377	a	a	MainStreet.dinky
12378	a	a	MainStreet.dinky
12379	무는 식물	snapping plant	QuickiePal.dinky
12380	식물	plant	QuickiePal.dinky
12381	a	a	QuickiePal.dinky
12382	a	a	QuickiePal.dinky
12383	a	a	QuickiePal.dinky
12384	a	a	QuickiePal.dinky
12385	a	a	QuickiePal.dinky
12386	a	a	QuickiePal.dinky
12387	랜섬 사탕 디스펜서	Ransome candy dispensers	QuickiePal.dinky
12388	a	a	PostOffice.dinky
12389	a	a	PostOffice.dinky
12390	a	a	PostOffice.dinky
12391	a	a	PostOffice.dinky
12392	a	a	PostOffice.dinky
12393	a	a	CityHall.dinky
12394	a	a	CityHall.dinky
12395	a	a	CityHall.dinky
12396	a	a	CityHall.dinky
12397	a	a	CityHall.dinky
12398	a	a	Alleyway.dinky
12399	a	a	Alleyway.dinky
12400	a	a	Alleyway.dinky
12401	a	a	Alleyway.dinky
12402	a	a	Alleyway.dinky
12403	a	a	Alleyway.dinky
12404	a	a	AStreet.dinky
12405	a	a	AStreet.dinky
12406	a	a	AStreet.dinky
12407	a	a	AStreet.dinky
12408	a	a	BookStore.dinky
12409	a	a	BookStore.dinky
12410	a	a	BookStore.dinky
12411	a	a	BookStore.dinky
12412	시	poem	BookStore.dinky
12413	쪽지	note	BookStore.dinky
12414	a	a	BookStore.dinky
12415	a	a	BookStore.dinky
12416	a	a	Bathroom.dinky
12417	a	a	Bathroom.dinky
12418	a	a	Bathroom.dinky
12419	a	a	Bathroom.dinky
12420	a	a	Bathroom.dinky
12421	a	a	Bathroom.dinky
12422	a	a	Bathroom.dinky
12423	a	a	Diner.dinky
12424	a	a	Diner.dinky
12425	a	a	Diner.dinky
12426	a	a	Diner.dinky
12427	a	a	Diner.dinky
12428	a	a	SheriffsOffice.dinky
12429	a	a	SheriffsOffice.dinky
12430	a	a	SheriffsOffice.dinky
12431	a	a	SheriffsOffice.dinky
12432	a	a	SheriffsOffice.dinky
12433	a	a	SheriffsOffice.dinky
12434	a	a	SheriffsOffice.dinky
12435	서랍	drawer	SheriffsOffice.dinky
12436	a	a	SheriffsOffice.dinky
12437	서랍	drawer	SheriffsOffice.dinky
12438	a	a	SheriffsOffice.dinky
12439	서랍	drawer	SheriffsOffice.dinky
12440	a	a	SheriffsOffice.dinky
12441	서랍	drawer	SheriffsOffice.dinky
12442	a	a	SheriffsOffice.dinky
12443	서랍	drawer	SheriffsOffice.dinky
12444	a	a	SheriffsOffice.dinky
12445	서랍	drawer	SheriffsOffice.dinky
12446	a	a	SheriffsOffice.dinky
12447	a	a	SheriffsOffice.dinky
12448	a	a	SheriffsOffice.dinky
12449	a	a	Bank.dinky
12450	a	a	Bank.dinky
12451	a	a	Bank.dinky
12452	a	a	Bank.dinky
12453	a	a	Bank.dinky
12454	a	a	Bank.dinky
12455	a	a	Vista.dinky
12456	a	a	CoronersOffice.dinky
12457	a	a	CoronersOffice.dinky
12458	a	a	CoronersOffice.dinky
12459	서랍	drawer	CoronersOffice.dinky
12460	a	a	CoronersOffice.dinky
12461	서랍	drawer	CoronersOffice.dinky
12462	a	a	CoronersOffice.dinky
12463	서랍	drawer	CoronersOffice.dinky
12464	a	a	CoronersOffice.dinky
12465	a	a	Inventory.dinky
12466	an	an	Inventory.dinky
12467	an	an	Inventory.dinky
12468	a	a	Inventory.dinky
12469	a	a	Inventory.dinky
12470	a	a	Inventory.dinky
12471	a	a	Inventory.dinky
12472	a	a	Inventory.dinky
12473	a	a	Inventory.dinky
12474	a	a	Inventory.dinky
12475	가장 느림	slowest	Options.dinky
12476	더 느림	slower	Options.dinky
12477	느림	slow	Options.dinky
12478	보통	normal	Options.dinky
12479	빠름	fast	Options.dinky
12480	더 빠름	faster	Options.dinky
12481	가장 빠름	fastest	Options.dinky
12482	그거 진짜 위험할 것 같은데.	That's probably really dangerous.	Alleyway.dinky
12483	어드벤처 게임 디자인 너무 오래 했나 봐.	I've been designing adventure games too long.	Alleyway.dinky
12484	빈 컵	empty glass	Inventory.dinky
12485	빈 컵	an empty glass	Inventory.dinky
